[2026-02-17T17:05:33.327+0000] {manager.py:469} INFO - Processing files using up to 2 processes at a time 
[2026-02-17T17:05:33.327+0000] {manager.py:470} INFO - Process each file at most once every 30 seconds
[2026-02-17T17:05:33.328+0000] {manager.py:471} INFO - Checking for new files in /opt/airflow/dags every 300 seconds
[2026-02-17T17:05:33.328+0000] {manager.py:738} INFO - Searching for files in /opt/airflow/dags
[2026-02-17T17:05:33.330+0000] {manager.py:741} INFO - There are 1 files in /opt/airflow/dags
[2026-02-17T17:05:33.401+0000] {manager.py:879} INFO - 
================================================================================
DAG File Processing Stats

File Path                                PID  Runtime      # DAGs    # Errors  Last Runtime    Last Run
-------------------------------------  -----  ---------  --------  ----------  --------------  ----------
/opt/airflow/dags/ingest_telemetry.py    166  0.03s             0           0
================================================================================
[2026-02-17T17:06:04.002+0000] {manager.py:879} INFO - 
================================================================================
DAG File Processing Stats

File Path                              PID    Runtime      # DAGs    # Errors  Last Runtime    Last Run
-------------------------------------  -----  ---------  --------  ----------  --------------  -------------------
/opt/airflow/dags/ingest_telemetry.py                           1           0  1.14s           2026-02-17T17:05:34
================================================================================
[2026-02-17T17:06:34.069+0000] {manager.py:879} INFO - 
================================================================================
DAG File Processing Stats

File Path                              PID    Runtime      # DAGs    # Errors  Last Runtime    Last Run
-------------------------------------  -----  ---------  --------  ----------  --------------  -------------------
/opt/airflow/dags/ingest_telemetry.py                           1           0  0.79s           2026-02-17T17:06:05
================================================================================
[2026-02-17T17:07:05.075+0000] {manager.py:879} INFO - 
================================================================================
DAG File Processing Stats

File Path                              PID    Runtime      # DAGs    # Errors  Last Runtime    Last Run
-------------------------------------  -----  ---------  --------  ----------  --------------  -------------------
/opt/airflow/dags/ingest_telemetry.py                           1           0  0.52s           2026-02-17T17:06:36
================================================================================
[2026-02-17T17:07:35.953+0000] {manager.py:879} INFO - 
================================================================================
DAG File Processing Stats

File Path                              PID    Runtime      # DAGs    # Errors  Last Runtime    Last Run
-------------------------------------  -----  ---------  --------  ----------  --------------  -------------------
/opt/airflow/dags/ingest_telemetry.py                           1           0  0.50s           2026-02-17T17:07:07
================================================================================
[2026-02-17T17:08:05.997+0000] {manager.py:879} INFO - 
================================================================================
DAG File Processing Stats

File Path                              PID    Runtime      # DAGs    # Errors  Last Runtime    Last Run
-------------------------------------  -----  ---------  --------  ----------  --------------  -------------------
/opt/airflow/dags/ingest_telemetry.py                           1           0  0.69s           2026-02-17T17:07:38
================================================================================
[2026-02-17T17:08:36.240+0000] {manager.py:879} INFO - 
================================================================================
DAG File Processing Stats

File Path                              PID    Runtime      # DAGs    # Errors  Last Runtime    Last Run
-------------------------------------  -----  ---------  --------  ----------  --------------  -------------------
/opt/airflow/dags/ingest_telemetry.py                           1           0  0.50s           2026-02-17T17:08:09
================================================================================
[2026-02-17T17:09:06.667+0000] {manager.py:879} INFO - 
================================================================================
DAG File Processing Stats

File Path                              PID    Runtime      # DAGs    # Errors  Last Runtime    Last Run
-------------------------------------  -----  ---------  --------  ----------  --------------  -------------------
/opt/airflow/dags/ingest_telemetry.py                           1           0  2.55s           2026-02-17T17:08:42
================================================================================
[2026-02-17T17:09:36.902+0000] {manager.py:879} INFO - 
================================================================================
DAG File Processing Stats

File Path                              PID    Runtime      # DAGs    # Errors  Last Runtime    Last Run
-------------------------------------  -----  ---------  --------  ----------  --------------  -------------------
/opt/airflow/dags/ingest_telemetry.py                           1           0  0.52s           2026-02-17T17:09:13
================================================================================
[2026-02-17T17:10:07.131+0000] {manager.py:879} INFO - 
================================================================================
DAG File Processing Stats

File Path                              PID    Runtime      # DAGs    # Errors  Last Runtime    Last Run
-------------------------------------  -----  ---------  --------  ----------  --------------  -------------------
/opt/airflow/dags/ingest_telemetry.py                           1           0  0.52s           2026-02-17T17:09:44
================================================================================
[2026-02-17T17:10:33.694+0000] {manager.py:738} INFO - Searching for files in /opt/airflow/dags
[2026-02-17T17:10:33.705+0000] {manager.py:741} INFO - There are 1 files in /opt/airflow/dags
[2026-02-17T17:10:37.145+0000] {manager.py:879} INFO - 
================================================================================
DAG File Processing Stats

File Path                              PID    Runtime      # DAGs    # Errors  Last Runtime    Last Run
-------------------------------------  -----  ---------  --------  ----------  --------------  -------------------
/opt/airflow/dags/ingest_telemetry.py                           1           0  0.50s           2026-02-17T17:10:15
================================================================================
[2026-02-17T17:11:08.120+0000] {manager.py:879} INFO - 
================================================================================
DAG File Processing Stats

File Path                              PID    Runtime      # DAGs    # Errors  Last Runtime    Last Run
-------------------------------------  -----  ---------  --------  ----------  --------------  -------------------
/opt/airflow/dags/ingest_telemetry.py                           1           0  0.71s           2026-02-17T17:10:46
================================================================================
[2026-02-17T17:11:38.702+0000] {manager.py:879} INFO - 
================================================================================
DAG File Processing Stats

File Path                              PID    Runtime      # DAGs    # Errors  Last Runtime    Last Run
-------------------------------------  -----  ---------  --------  ----------  --------------  -------------------
/opt/airflow/dags/ingest_telemetry.py                           1           0  0.95s           2026-02-17T17:11:17
================================================================================
[2026-02-17T17:12:08.778+0000] {manager.py:879} INFO - 
================================================================================
DAG File Processing Stats

File Path                              PID    Runtime      # DAGs    # Errors  Last Runtime    Last Run
-------------------------------------  -----  ---------  --------  ----------  --------------  -------------------
/opt/airflow/dags/ingest_telemetry.py                           1           0  0.69s           2026-02-17T17:11:48
================================================================================
[2026-02-17T17:12:39.314+0000] {manager.py:879} INFO - 
================================================================================
DAG File Processing Stats

File Path                              PID    Runtime      # DAGs    # Errors  Last Runtime    Last Run
-------------------------------------  -----  ---------  --------  ----------  --------------  -------------------
/opt/airflow/dags/ingest_telemetry.py                           1           0  0.43s           2026-02-17T17:12:19
================================================================================
[2026-02-17T17:13:09.963+0000] {manager.py:879} INFO - 
================================================================================
DAG File Processing Stats

File Path                              PID    Runtime      # DAGs    # Errors  Last Runtime    Last Run
-------------------------------------  -----  ---------  --------  ----------  --------------  -------------------
/opt/airflow/dags/ingest_telemetry.py                           1           0  3.40s           2026-02-17T17:12:52
================================================================================
[2026-02-17T17:13:40.030+0000] {manager.py:879} INFO - 
================================================================================
DAG File Processing Stats

File Path                              PID    Runtime      # DAGs    # Errors  Last Runtime    Last Run
-------------------------------------  -----  ---------  --------  ----------  --------------  -------------------
/opt/airflow/dags/ingest_telemetry.py                           1           0  0.66s           2026-02-17T17:13:24
================================================================================
[2026-02-17T17:14:10.374+0000] {manager.py:879} INFO - 
================================================================================
DAG File Processing Stats

File Path                              PID    Runtime      # DAGs    # Errors  Last Runtime    Last Run
-------------------------------------  -----  ---------  --------  ----------  --------------  -------------------
/opt/airflow/dags/ingest_telemetry.py                           1           0  0.54s           2026-02-17T17:13:55
================================================================================
[2026-02-17T17:14:40.897+0000] {manager.py:879} INFO - 
================================================================================
DAG File Processing Stats

File Path                              PID    Runtime      # DAGs    # Errors  Last Runtime    Last Run
-------------------------------------  -----  ---------  --------  ----------  --------------  -------------------
/opt/airflow/dags/ingest_telemetry.py                           1           0  0.56s           2026-02-17T17:14:26
================================================================================
[2026-02-17T17:15:11.058+0000] {manager.py:879} INFO - 
================================================================================
DAG File Processing Stats

File Path                              PID    Runtime      # DAGs    # Errors  Last Runtime    Last Run
-------------------------------------  -----  ---------  --------  ----------  --------------  -------------------
/opt/airflow/dags/ingest_telemetry.py                           1           0  0.51s           2026-02-17T17:14:56
================================================================================
[2026-02-17T17:15:33.820+0000] {manager.py:738} INFO - Searching for files in /opt/airflow/dags
[2026-02-17T17:15:33.828+0000] {manager.py:741} INFO - There are 1 files in /opt/airflow/dags
[2026-02-17T17:15:41.922+0000] {manager.py:879} INFO - 
================================================================================
DAG File Processing Stats

File Path                              PID    Runtime      # DAGs    # Errors  Last Runtime    Last Run
-------------------------------------  -----  ---------  --------  ----------  --------------  -------------------
/opt/airflow/dags/ingest_telemetry.py                           1           0  0.56s           2026-02-17T17:15:27
================================================================================
[2026-02-17T17:16:12.341+0000] {manager.py:879} INFO - 
================================================================================
DAG File Processing Stats

File Path                              PID    Runtime      # DAGs    # Errors  Last Runtime    Last Run
-------------------------------------  -----  ---------  --------  ----------  --------------  -------------------
/opt/airflow/dags/ingest_telemetry.py                           1           0  0.44s           2026-02-17T17:15:58
================================================================================
[2026-02-17T17:16:43.022+0000] {manager.py:879} INFO - 
================================================================================
DAG File Processing Stats

File Path                              PID    Runtime      # DAGs    # Errors  Last Runtime    Last Run
-------------------------------------  -----  ---------  --------  ----------  --------------  -------------------
/opt/airflow/dags/ingest_telemetry.py                           1           0  0.57s           2026-02-17T17:16:29
================================================================================
[2026-02-17T17:17:13.682+0000] {manager.py:879} INFO - 
================================================================================
DAG File Processing Stats

File Path                              PID    Runtime      # DAGs    # Errors  Last Runtime    Last Run
-------------------------------------  -----  ---------  --------  ----------  --------------  -------------------
/opt/airflow/dags/ingest_telemetry.py                           1           0  0.35s           2026-02-17T17:16:59
================================================================================
[2026-02-17T17:17:44.048+0000] {manager.py:879} INFO - 
================================================================================
DAG File Processing Stats

File Path                              PID    Runtime      # DAGs    # Errors  Last Runtime    Last Run
-------------------------------------  -----  ---------  --------  ----------  --------------  -------------------
/opt/airflow/dags/ingest_telemetry.py                           1           0  0.53s           2026-02-17T17:17:30
================================================================================
[2026-02-17T17:18:14.212+0000] {manager.py:879} INFO - 
================================================================================
DAG File Processing Stats

File Path                              PID    Runtime      # DAGs    # Errors  Last Runtime    Last Run
-------------------------------------  -----  ---------  --------  ----------  --------------  -------------------
/opt/airflow/dags/ingest_telemetry.py                           1           0  0.34s           2026-02-17T17:18:01
================================================================================
[2026-02-17T17:18:44.498+0000] {manager.py:879} INFO - 
================================================================================
DAG File Processing Stats

File Path                              PID    Runtime      # DAGs    # Errors  Last Runtime    Last Run
-------------------------------------  -----  ---------  --------  ----------  --------------  -------------------
/opt/airflow/dags/ingest_telemetry.py                           1           0  0.40s           2026-02-17T17:18:31
================================================================================
[2026-02-17T17:19:15.108+0000] {manager.py:879} INFO - 
================================================================================
DAG File Processing Stats

File Path                              PID    Runtime      # DAGs    # Errors  Last Runtime    Last Run
-------------------------------------  -----  ---------  --------  ----------  --------------  -------------------
/opt/airflow/dags/ingest_telemetry.py                           1           0  0.39s           2026-02-17T17:19:02
================================================================================
[2026-02-17T17:19:45.520+0000] {manager.py:879} INFO - 
================================================================================
DAG File Processing Stats

File Path                              PID    Runtime      # DAGs    # Errors  Last Runtime    Last Run
-------------------------------------  -----  ---------  --------  ----------  --------------  -------------------
/opt/airflow/dags/ingest_telemetry.py                           1           0  0.42s           2026-02-17T17:19:32
================================================================================
[2026-02-17T17:20:15.563+0000] {manager.py:879} INFO - 
================================================================================
DAG File Processing Stats

File Path                              PID    Runtime      # DAGs    # Errors  Last Runtime    Last Run
-------------------------------------  -----  ---------  --------  ----------  --------------  -------------------
/opt/airflow/dags/ingest_telemetry.py                           1           0  0.36s           2026-02-17T17:20:03
================================================================================
[2026-02-17T17:20:34.287+0000] {manager.py:738} INFO - Searching for files in /opt/airflow/dags
[2026-02-17T17:20:34.289+0000] {manager.py:741} INFO - There are 1 files in /opt/airflow/dags
[2026-02-17T17:20:45.900+0000] {manager.py:879} INFO - 
================================================================================
DAG File Processing Stats

File Path                              PID    Runtime      # DAGs    # Errors  Last Runtime    Last Run
-------------------------------------  -----  ---------  --------  ----------  --------------  -------------------
/opt/airflow/dags/ingest_telemetry.py                           1           0  0.52s           2026-02-17T17:20:34
================================================================================
[2026-02-17T17:21:16.145+0000] {manager.py:879} INFO - 
================================================================================
DAG File Processing Stats

File Path                              PID    Runtime      # DAGs    # Errors  Last Runtime    Last Run
-------------------------------------  -----  ---------  --------  ----------  --------------  -------------------
/opt/airflow/dags/ingest_telemetry.py                           1           0  0.33s           2026-02-17T17:21:05
================================================================================
[2026-02-17T17:21:46.549+0000] {manager.py:879} INFO - 
================================================================================
DAG File Processing Stats

File Path                              PID    Runtime      # DAGs    # Errors  Last Runtime    Last Run
-------------------------------------  -----  ---------  --------  ----------  --------------  -------------------
/opt/airflow/dags/ingest_telemetry.py                           1           0  0.49s           2026-02-17T17:21:35
================================================================================
[2026-02-17T17:22:17.016+0000] {manager.py:879} INFO - 
================================================================================
DAG File Processing Stats

File Path                              PID    Runtime      # DAGs    # Errors  Last Runtime    Last Run
-------------------------------------  -----  ---------  --------  ----------  --------------  -------------------
/opt/airflow/dags/ingest_telemetry.py                           1           0  0.33s           2026-02-17T17:22:06
================================================================================
[2026-02-17T17:22:47.647+0000] {manager.py:879} INFO - 
================================================================================
DAG File Processing Stats

File Path                              PID    Runtime      # DAGs    # Errors  Last Runtime    Last Run
-------------------------------------  -----  ---------  --------  ----------  --------------  -------------------
/opt/airflow/dags/ingest_telemetry.py                           1           0  0.49s           2026-02-17T17:22:36
================================================================================
[2026-02-17T17:23:18.304+0000] {manager.py:879} INFO - 
================================================================================
DAG File Processing Stats

File Path                              PID    Runtime      # DAGs    # Errors  Last Runtime    Last Run
-------------------------------------  -----  ---------  --------  ----------  --------------  -------------------
/opt/airflow/dags/ingest_telemetry.py                           1           0  0.32s           2026-02-17T17:23:07
================================================================================
[2026-02-17T17:23:48.705+0000] {manager.py:879} INFO - 
================================================================================
DAG File Processing Stats

File Path                              PID    Runtime      # DAGs    # Errors  Last Runtime    Last Run
-------------------------------------  -----  ---------  --------  ----------  --------------  -------------------
/opt/airflow/dags/ingest_telemetry.py                           1           0  0.50s           2026-02-17T17:23:38
================================================================================
[2026-02-17T17:24:18.823+0000] {manager.py:879} INFO - 
================================================================================
DAG File Processing Stats

File Path                              PID    Runtime      # DAGs    # Errors  Last Runtime    Last Run
-------------------------------------  -----  ---------  --------  ----------  --------------  -------------------
/opt/airflow/dags/ingest_telemetry.py                           1           0  0.35s           2026-02-17T17:24:08
================================================================================
[2026-02-17T17:24:49.170+0000] {manager.py:879} INFO - 
================================================================================
DAG File Processing Stats

File Path                              PID    Runtime      # DAGs    # Errors  Last Runtime    Last Run
-------------------------------------  -----  ---------  --------  ----------  --------------  -------------------
/opt/airflow/dags/ingest_telemetry.py                           1           0  0.47s           2026-02-17T17:24:39
================================================================================
[2026-02-17T17:25:19.314+0000] {manager.py:879} INFO - 
================================================================================
DAG File Processing Stats

File Path                              PID    Runtime      # DAGs    # Errors  Last Runtime    Last Run
-------------------------------------  -----  ---------  --------  ----------  --------------  -------------------
/opt/airflow/dags/ingest_telemetry.py                           1           0  0.37s           2026-02-17T17:25:10
================================================================================
[2026-02-17T17:25:34.473+0000] {manager.py:738} INFO - Searching for files in /opt/airflow/dags
[2026-02-17T17:25:34.482+0000] {manager.py:741} INFO - There are 1 files in /opt/airflow/dags
[2026-02-17T17:25:49.623+0000] {manager.py:879} INFO - 
================================================================================
DAG File Processing Stats

File Path                              PID    Runtime      # DAGs    # Errors  Last Runtime    Last Run
-------------------------------------  -----  ---------  --------  ----------  --------------  -------------------
/opt/airflow/dags/ingest_telemetry.py                           1           0  0.53s           2026-02-17T17:25:40
================================================================================
[2026-02-17T17:26:20.251+0000] {manager.py:879} INFO - 
================================================================================
DAG File Processing Stats

File Path                              PID    Runtime      # DAGs    # Errors  Last Runtime    Last Run
-------------------------------------  -----  ---------  --------  ----------  --------------  -------------------
/opt/airflow/dags/ingest_telemetry.py                           1           0  0.35s           2026-02-17T17:26:11
================================================================================
[2026-02-17T17:26:50.393+0000] {manager.py:879} INFO - 
================================================================================
DAG File Processing Stats

File Path                              PID    Runtime      # DAGs    # Errors  Last Runtime    Last Run
-------------------------------------  -----  ---------  --------  ----------  --------------  -------------------
/opt/airflow/dags/ingest_telemetry.py                           1           0  0.51s           2026-02-17T17:26:42
================================================================================
[2026-02-17T17:27:20.701+0000] {manager.py:879} INFO - 
================================================================================
DAG File Processing Stats

File Path                              PID    Runtime      # DAGs    # Errors  Last Runtime    Last Run
-------------------------------------  -----  ---------  --------  ----------  --------------  -------------------
/opt/airflow/dags/ingest_telemetry.py                           1           0  0.37s           2026-02-17T17:27:12
================================================================================
[2026-02-17T17:27:50.832+0000] {manager.py:879} INFO - 
================================================================================
DAG File Processing Stats

File Path                              PID    Runtime      # DAGs    # Errors  Last Runtime    Last Run
-------------------------------------  -----  ---------  --------  ----------  --------------  -------------------
/opt/airflow/dags/ingest_telemetry.py                           1           0  0.52s           2026-02-17T17:27:43
================================================================================
[2026-02-17T17:28:21.144+0000] {manager.py:879} INFO - 
================================================================================
DAG File Processing Stats

File Path                              PID    Runtime      # DAGs    # Errors  Last Runtime    Last Run
-------------------------------------  -----  ---------  --------  ----------  --------------  -------------------
/opt/airflow/dags/ingest_telemetry.py                           1           0  0.33s           2026-02-17T17:28:14
================================================================================
[2026-02-17T17:28:51.174+0000] {manager.py:879} INFO - 
================================================================================
DAG File Processing Stats

File Path                              PID    Runtime      # DAGs    # Errors  Last Runtime    Last Run
-------------------------------------  -----  ---------  --------  ----------  --------------  -------------------
/opt/airflow/dags/ingest_telemetry.py                           1           0  0.46s           2026-02-17T17:28:45
================================================================================
[2026-02-17T17:29:22.031+0000] {manager.py:879} INFO - 
================================================================================
DAG File Processing Stats

File Path                              PID    Runtime      # DAGs    # Errors  Last Runtime    Last Run
-------------------------------------  -----  ---------  --------  ----------  --------------  -------------------
/opt/airflow/dags/ingest_telemetry.py                           1           0  0.50s           2026-02-17T17:29:15
================================================================================
[2026-02-17T17:29:52.335+0000] {manager.py:879} INFO - 
================================================================================
DAG File Processing Stats

File Path                              PID    Runtime      # DAGs    # Errors  Last Runtime    Last Run
-------------------------------------  -----  ---------  --------  ----------  --------------  -------------------
/opt/airflow/dags/ingest_telemetry.py                           1           0  0.51s           2026-02-17T17:29:46
================================================================================
[2026-02-17T17:30:22.597+0000] {manager.py:879} INFO - 
================================================================================
DAG File Processing Stats

File Path                              PID    Runtime      # DAGs    # Errors  Last Runtime    Last Run
-------------------------------------  -----  ---------  --------  ----------  --------------  -------------------
/opt/airflow/dags/ingest_telemetry.py                           1           0  0.58s           2026-02-17T17:30:17
================================================================================
[2026-02-17T17:30:34.731+0000] {manager.py:738} INFO - Searching for files in /opt/airflow/dags
[2026-02-17T17:30:34.736+0000] {manager.py:741} INFO - There are 1 files in /opt/airflow/dags
[2026-02-17T17:30:52.907+0000] {manager.py:879} INFO - 
================================================================================
DAG File Processing Stats

File Path                              PID    Runtime      # DAGs    # Errors  Last Runtime    Last Run
-------------------------------------  -----  ---------  --------  ----------  --------------  -------------------
/opt/airflow/dags/ingest_telemetry.py                           1           0  0.39s           2026-02-17T17:30:48
================================================================================
[2026-02-17T17:31:23.604+0000] {manager.py:879} INFO - 
================================================================================
DAG File Processing Stats

File Path                              PID    Runtime      # DAGs    # Errors  Last Runtime    Last Run
-------------------------------------  -----  ---------  --------  ----------  --------------  -------------------
/opt/airflow/dags/ingest_telemetry.py                           1           0  0.49s           2026-02-17T17:30:59
================================================================================
[2026-02-17T17:31:53.972+0000] {manager.py:879} INFO - 
================================================================================
DAG File Processing Stats

File Path                              PID    Runtime      # DAGs    # Errors  Last Runtime    Last Run
-------------------------------------  -----  ---------  --------  ----------  --------------  -------------------
/opt/airflow/dags/ingest_telemetry.py                           1           0  0.58s           2026-02-17T17:31:30
================================================================================
[2026-02-17T17:32:24.242+0000] {manager.py:879} INFO - 
================================================================================
DAG File Processing Stats

File Path                              PID    Runtime      # DAGs    # Errors  Last Runtime    Last Run
-------------------------------------  -----  ---------  --------  ----------  --------------  -------------------
/opt/airflow/dags/ingest_telemetry.py                           1           0  0.45s           2026-02-17T17:32:01
================================================================================
[2026-02-17T17:32:54.559+0000] {manager.py:879} INFO - 
================================================================================
DAG File Processing Stats

File Path                              PID    Runtime      # DAGs    # Errors  Last Runtime    Last Run
-------------------------------------  -----  ---------  --------  ----------  --------------  -------------------
/opt/airflow/dags/ingest_telemetry.py                           1           0  0.51s           2026-02-17T17:32:31
================================================================================
[2026-02-17T17:33:24.578+0000] {manager.py:879} INFO - 
================================================================================
DAG File Processing Stats

File Path                              PID    Runtime      # DAGs    # Errors  Last Runtime    Last Run
-------------------------------------  -----  ---------  --------  ----------  --------------  -------------------
/opt/airflow/dags/ingest_telemetry.py                           1           0  0.38s           2026-02-17T17:33:02
================================================================================
[2026-02-17T17:33:55.085+0000] {manager.py:879} INFO - 
================================================================================
DAG File Processing Stats

File Path                              PID    Runtime      # DAGs    # Errors  Last Runtime    Last Run
-------------------------------------  -----  ---------  --------  ----------  --------------  -------------------
/opt/airflow/dags/ingest_telemetry.py                           1           0  0.54s           2026-02-17T17:33:33
================================================================================
[2026-02-17T17:34:25.116+0000] {manager.py:879} INFO - 
================================================================================
DAG File Processing Stats

File Path                              PID    Runtime      # DAGs    # Errors  Last Runtime    Last Run
-------------------------------------  -----  ---------  --------  ----------  --------------  -------------------
/opt/airflow/dags/ingest_telemetry.py                           1           0  0.40s           2026-02-17T17:34:03
================================================================================
[2026-02-17T17:34:55.442+0000] {manager.py:879} INFO - 
================================================================================
DAG File Processing Stats

File Path                              PID    Runtime      # DAGs    # Errors  Last Runtime    Last Run
-------------------------------------  -----  ---------  --------  ----------  --------------  -------------------
/opt/airflow/dags/ingest_telemetry.py                           1           0  0.48s           2026-02-17T17:34:34
================================================================================
[2026-02-17T17:35:25.617+0000] {manager.py:879} INFO - 
================================================================================
DAG File Processing Stats

File Path                              PID    Runtime      # DAGs    # Errors  Last Runtime    Last Run
-------------------------------------  -----  ---------  --------  ----------  --------------  -------------------
/opt/airflow/dags/ingest_telemetry.py                           1           0  0.39s           2026-02-17T17:35:05
================================================================================
[2026-02-17T17:35:35.423+0000] {manager.py:738} INFO - Searching for files in /opt/airflow/dags
[2026-02-17T17:35:35.432+0000] {manager.py:741} INFO - There are 1 files in /opt/airflow/dags
[2026-02-17T17:35:55.899+0000] {manager.py:879} INFO - 
================================================================================
DAG File Processing Stats

File Path                              PID    Runtime      # DAGs    # Errors  Last Runtime    Last Run
-------------------------------------  -----  ---------  --------  ----------  --------------  -------------------
/opt/airflow/dags/ingest_telemetry.py                           1           0  0.55s           2026-02-17T17:35:35
================================================================================
[2026-02-17T17:36:26.528+0000] {manager.py:879} INFO - 
================================================================================
DAG File Processing Stats

File Path                              PID    Runtime      # DAGs    # Errors  Last Runtime    Last Run
-------------------------------------  -----  ---------  --------  ----------  --------------  -------------------
/opt/airflow/dags/ingest_telemetry.py                           1           0  0.43s           2026-02-17T17:36:06
================================================================================
[2026-02-17T17:36:57.077+0000] {manager.py:879} INFO - 
================================================================================
DAG File Processing Stats

File Path                              PID    Runtime      # DAGs    # Errors  Last Runtime    Last Run
-------------------------------------  -----  ---------  --------  ----------  --------------  -------------------
/opt/airflow/dags/ingest_telemetry.py                           1           0  0.60s           2026-02-17T17:36:37
================================================================================
[2026-02-17T17:37:27.530+0000] {manager.py:879} INFO - 
================================================================================
DAG File Processing Stats

File Path                              PID    Runtime      # DAGs    # Errors  Last Runtime    Last Run
-------------------------------------  -----  ---------  --------  ----------  --------------  -------------------
/opt/airflow/dags/ingest_telemetry.py                           1           0  0.59s           2026-02-17T17:37:07
================================================================================
[2026-02-17T17:37:57.774+0000] {manager.py:879} INFO - 
================================================================================
DAG File Processing Stats

File Path                              PID    Runtime      # DAGs    # Errors  Last Runtime    Last Run
-------------------------------------  -----  ---------  --------  ----------  --------------  -------------------
/opt/airflow/dags/ingest_telemetry.py                           1           0  0.46s           2026-02-17T17:37:38
================================================================================
[2026-02-17T17:38:28.258+0000] {manager.py:879} INFO - 
================================================================================
DAG File Processing Stats

File Path                              PID    Runtime      # DAGs    # Errors  Last Runtime    Last Run
-------------------------------------  -----  ---------  --------  ----------  --------------  -------------------
/opt/airflow/dags/ingest_telemetry.py                           1           0  0.36s           2026-02-17T17:38:09
================================================================================
[2026-02-17T17:38:58.749+0000] {manager.py:879} INFO - 
================================================================================
DAG File Processing Stats

File Path                              PID    Runtime      # DAGs    # Errors  Last Runtime    Last Run
-------------------------------------  -----  ---------  --------  ----------  --------------  -------------------
/opt/airflow/dags/ingest_telemetry.py                           1           0  0.51s           2026-02-17T17:38:39
================================================================================
[2026-02-17T17:39:28.894+0000] {manager.py:879} INFO - 
================================================================================
DAG File Processing Stats

File Path                              PID    Runtime      # DAGs    # Errors  Last Runtime    Last Run
-------------------------------------  -----  ---------  --------  ----------  --------------  -------------------
/opt/airflow/dags/ingest_telemetry.py                           1           0  0.37s           2026-02-17T17:39:10
================================================================================
[2026-02-17T17:39:59.184+0000] {manager.py:879} INFO - 
================================================================================
DAG File Processing Stats

File Path                              PID    Runtime      # DAGs    # Errors  Last Runtime    Last Run
-------------------------------------  -----  ---------  --------  ----------  --------------  -------------------
/opt/airflow/dags/ingest_telemetry.py                           1           0  0.55s           2026-02-17T17:39:41
================================================================================
[2026-02-17T17:40:29.357+0000] {manager.py:879} INFO - 
================================================================================
DAG File Processing Stats

File Path                              PID    Runtime      # DAGs    # Errors  Last Runtime    Last Run
-------------------------------------  -----  ---------  --------  ----------  --------------  -------------------
/opt/airflow/dags/ingest_telemetry.py                           1           0  0.51s           2026-02-17T17:40:12
================================================================================
[2026-02-17T17:40:35.850+0000] {manager.py:738} INFO - Searching for files in /opt/airflow/dags
[2026-02-17T17:40:35.859+0000] {manager.py:741} INFO - There are 1 files in /opt/airflow/dags
[2026-02-17T17:41:00.140+0000] {manager.py:879} INFO - 
================================================================================
DAG File Processing Stats

File Path                              PID    Runtime      # DAGs    # Errors  Last Runtime    Last Run
-------------------------------------  -----  ---------  --------  ----------  --------------  -------------------
/opt/airflow/dags/ingest_telemetry.py                           1           0  0.61s           2026-02-17T17:40:43
================================================================================
[2026-02-17T17:41:30.590+0000] {manager.py:879} INFO - 
================================================================================
DAG File Processing Stats

File Path                              PID    Runtime      # DAGs    # Errors  Last Runtime    Last Run
-------------------------------------  -----  ---------  --------  ----------  --------------  -------------------
/opt/airflow/dags/ingest_telemetry.py                           1           0  0.58s           2026-02-17T17:41:13
================================================================================
[2026-02-17T17:42:00.908+0000] {manager.py:879} INFO - 
================================================================================
DAG File Processing Stats

File Path                              PID    Runtime      # DAGs    # Errors  Last Runtime    Last Run
-------------------------------------  -----  ---------  --------  ----------  --------------  -------------------
/opt/airflow/dags/ingest_telemetry.py                           1           0  0.56s           2026-02-17T17:41:44
================================================================================
[2026-02-17T17:42:31.195+0000] {manager.py:879} INFO - 
================================================================================
DAG File Processing Stats

File Path                              PID    Runtime      # DAGs    # Errors  Last Runtime    Last Run
-------------------------------------  -----  ---------  --------  ----------  --------------  -------------------
/opt/airflow/dags/ingest_telemetry.py                           1           0  0.35s           2026-02-17T17:42:15
================================================================================
[2026-02-17T17:43:01.370+0000] {manager.py:879} INFO - 
================================================================================
DAG File Processing Stats

File Path                              PID    Runtime      # DAGs    # Errors  Last Runtime    Last Run
-------------------------------------  -----  ---------  --------  ----------  --------------  -------------------
/opt/airflow/dags/ingest_telemetry.py                           1           0  0.59s           2026-02-17T17:42:46
================================================================================
[2026-02-17T17:43:32.157+0000] {manager.py:879} INFO - 
================================================================================
DAG File Processing Stats

File Path                              PID    Runtime      # DAGs    # Errors  Last Runtime    Last Run
-------------------------------------  -----  ---------  --------  ----------  --------------  -------------------
/opt/airflow/dags/ingest_telemetry.py                           1           0  1.32s           2026-02-17T17:43:18
================================================================================
[2026-02-17T17:44:02.536+0000] {manager.py:879} INFO - 
================================================================================
DAG File Processing Stats

File Path                              PID    Runtime      # DAGs    # Errors  Last Runtime    Last Run
-------------------------------------  -----  ---------  --------  ----------  --------------  -------------------
/opt/airflow/dags/ingest_telemetry.py                           1           0  0.38s           2026-02-17T17:43:48
================================================================================
[2026-02-17T17:44:32.761+0000] {manager.py:879} INFO - 
================================================================================
DAG File Processing Stats

File Path                              PID    Runtime      # DAGs    # Errors  Last Runtime    Last Run
-------------------------------------  -----  ---------  --------  ----------  --------------  -------------------
/opt/airflow/dags/ingest_telemetry.py                           1           0  0.57s           2026-02-17T17:44:19
================================================================================
[2026-02-17T17:45:03.611+0000] {manager.py:879} INFO - 
================================================================================
DAG File Processing Stats

File Path                              PID    Runtime      # DAGs    # Errors  Last Runtime    Last Run
-------------------------------------  -----  ---------  --------  ----------  --------------  -------------------
/opt/airflow/dags/ingest_telemetry.py                           1           0  0.54s           2026-02-17T17:44:50
================================================================================
[2026-02-17T17:45:33.620+0000] {manager.py:879} INFO - 
================================================================================
DAG File Processing Stats

File Path                              PID    Runtime      # DAGs    # Errors  Last Runtime    Last Run
-------------------------------------  -----  ---------  --------  ----------  --------------  -------------------
/opt/airflow/dags/ingest_telemetry.py                           1           0  0.55s           2026-02-17T17:45:21
================================================================================
[2026-02-17T17:45:36.144+0000] {manager.py:738} INFO - Searching for files in /opt/airflow/dags
[2026-02-17T17:45:36.151+0000] {manager.py:741} INFO - There are 1 files in /opt/airflow/dags
[2026-02-17T17:46:04.406+0000] {manager.py:879} INFO - 
================================================================================
DAG File Processing Stats

File Path                              PID    Runtime      # DAGs    # Errors  Last Runtime    Last Run
-------------------------------------  -----  ---------  --------  ----------  --------------  -------------------
/opt/airflow/dags/ingest_telemetry.py                           1           0  0.58s           2026-02-17T17:45:52
================================================================================
[2026-02-17T17:46:34.765+0000] {manager.py:879} INFO - 
================================================================================
DAG File Processing Stats

File Path                              PID    Runtime      # DAGs    # Errors  Last Runtime    Last Run
-------------------------------------  -----  ---------  --------  ----------  --------------  -------------------
/opt/airflow/dags/ingest_telemetry.py                           1           0  0.63s           2026-02-17T17:46:23
================================================================================
[2026-02-17T17:47:05.022+0000] {manager.py:879} INFO - 
================================================================================
DAG File Processing Stats

File Path                              PID    Runtime      # DAGs    # Errors  Last Runtime    Last Run
-------------------------------------  -----  ---------  --------  ----------  --------------  -------------------
/opt/airflow/dags/ingest_telemetry.py                           1           0  0.57s           2026-02-17T17:46:54
================================================================================
[2026-02-17T17:47:35.488+0000] {manager.py:879} INFO - 
================================================================================
DAG File Processing Stats

File Path                              PID    Runtime      # DAGs    # Errors  Last Runtime    Last Run
-------------------------------------  -----  ---------  --------  ----------  --------------  -------------------
/opt/airflow/dags/ingest_telemetry.py                           1           0  0.55s           2026-02-17T17:47:24
================================================================================
[2026-02-17T17:48:05.639+0000] {manager.py:879} INFO - 
================================================================================
DAG File Processing Stats

File Path                              PID    Runtime      # DAGs    # Errors  Last Runtime    Last Run
-------------------------------------  -----  ---------  --------  ----------  --------------  -------------------
/opt/airflow/dags/ingest_telemetry.py                           1           0  0.52s           2026-02-17T17:47:55
================================================================================
[2026-02-17T17:48:35.750+0000] {manager.py:879} INFO - 
================================================================================
DAG File Processing Stats

File Path                              PID    Runtime      # DAGs    # Errors  Last Runtime    Last Run
-------------------------------------  -----  ---------  --------  ----------  --------------  -------------------
/opt/airflow/dags/ingest_telemetry.py                           1           0  0.65s           2026-02-17T17:48:26
================================================================================
[2026-02-17T17:49:06.054+0000] {manager.py:879} INFO - 
================================================================================
DAG File Processing Stats

File Path                              PID    Runtime      # DAGs    # Errors  Last Runtime    Last Run
-------------------------------------  -----  ---------  --------  ----------  --------------  -------------------
/opt/airflow/dags/ingest_telemetry.py                           1           0  0.54s           2026-02-17T17:48:57
================================================================================
[2026-02-17T17:49:36.378+0000] {manager.py:879} INFO - 
================================================================================
DAG File Processing Stats

File Path                              PID    Runtime      # DAGs    # Errors  Last Runtime    Last Run
-------------------------------------  -----  ---------  --------  ----------  --------------  -------------------
/opt/airflow/dags/ingest_telemetry.py                           1           0  0.54s           2026-02-17T17:49:28
================================================================================
[2026-02-17T17:50:06.838+0000] {manager.py:879} INFO - 
================================================================================
DAG File Processing Stats

File Path                              PID    Runtime      # DAGs    # Errors  Last Runtime    Last Run
-------------------------------------  -----  ---------  --------  ----------  --------------  -------------------
/opt/airflow/dags/ingest_telemetry.py                           1           0  0.40s           2026-02-17T17:49:59
================================================================================
[2026-02-17T17:50:36.557+0000] {manager.py:738} INFO - Searching for files in /opt/airflow/dags
[2026-02-17T17:50:36.566+0000] {manager.py:741} INFO - There are 1 files in /opt/airflow/dags
[2026-02-17T17:50:37.593+0000] {manager.py:879} INFO - 
================================================================================
DAG File Processing Stats

File Path                              PID    Runtime      # DAGs    # Errors  Last Runtime    Last Run
-------------------------------------  -----  ---------  --------  ----------  --------------  -------------------
/opt/airflow/dags/ingest_telemetry.py                           1           0  0.37s           2026-02-17T17:50:29
================================================================================
[2026-02-17T17:51:08.039+0000] {manager.py:879} INFO - 
================================================================================
DAG File Processing Stats

File Path                              PID    Runtime      # DAGs    # Errors  Last Runtime    Last Run
-------------------------------------  -----  ---------  --------  ----------  --------------  -------------------
/opt/airflow/dags/ingest_telemetry.py                           1           0  0.50s           2026-02-17T17:51:00
================================================================================
[2026-02-17T17:51:38.366+0000] {manager.py:879} INFO - 
================================================================================
DAG File Processing Stats

File Path                              PID    Runtime      # DAGs    # Errors  Last Runtime    Last Run
-------------------------------------  -----  ---------  --------  ----------  --------------  -------------------
/opt/airflow/dags/ingest_telemetry.py                           1           0  0.48s           2026-02-17T17:51:31
================================================================================
[2026-02-17T17:52:08.746+0000] {manager.py:879} INFO - 
================================================================================
DAG File Processing Stats

File Path                              PID    Runtime      # DAGs    # Errors  Last Runtime    Last Run
-------------------------------------  -----  ---------  --------  ----------  --------------  -------------------
/opt/airflow/dags/ingest_telemetry.py                           1           0  0.40s           2026-02-17T17:52:02
================================================================================
[2026-02-17T17:52:38.984+0000] {manager.py:879} INFO - 
================================================================================
DAG File Processing Stats

File Path                              PID    Runtime      # DAGs    # Errors  Last Runtime    Last Run
-------------------------------------  -----  ---------  --------  ----------  --------------  -------------------
/opt/airflow/dags/ingest_telemetry.py                           1           0  0.52s           2026-02-17T17:52:32
================================================================================
[2026-02-17T17:53:09.346+0000] {manager.py:879} INFO - 
================================================================================
DAG File Processing Stats

File Path                              PID    Runtime      # DAGs    # Errors  Last Runtime    Last Run
-------------------------------------  -----  ---------  --------  ----------  --------------  -------------------
/opt/airflow/dags/ingest_telemetry.py                           1           0  0.37s           2026-02-17T17:53:03
================================================================================
[2026-02-17T17:53:40.102+0000] {manager.py:879} INFO - 
================================================================================
DAG File Processing Stats

File Path                              PID    Runtime      # DAGs    # Errors  Last Runtime    Last Run
-------------------------------------  -----  ---------  --------  ----------  --------------  -------------------
/opt/airflow/dags/ingest_telemetry.py                           1           0  0.52s           2026-02-17T17:53:34
================================================================================
[2026-02-17T17:54:10.681+0000] {manager.py:879} INFO - 
================================================================================
DAG File Processing Stats

File Path                              PID    Runtime      # DAGs    # Errors  Last Runtime    Last Run
-------------------------------------  -----  ---------  --------  ----------  --------------  -------------------
/opt/airflow/dags/ingest_telemetry.py                           1           0  0.38s           2026-02-17T17:54:04
================================================================================
[2026-02-17T17:54:41.273+0000] {manager.py:879} INFO - 
================================================================================
DAG File Processing Stats

File Path                              PID    Runtime      # DAGs    # Errors  Last Runtime    Last Run
-------------------------------------  -----  ---------  --------  ----------  --------------  -------------------
/opt/airflow/dags/ingest_telemetry.py                           1           0  0.57s           2026-02-17T17:54:35
================================================================================
[2026-02-17T17:55:11.439+0000] {manager.py:879} INFO - 
================================================================================
DAG File Processing Stats

File Path                              PID    Runtime      # DAGs    # Errors  Last Runtime    Last Run
-------------------------------------  -----  ---------  --------  ----------  --------------  -------------------
/opt/airflow/dags/ingest_telemetry.py                           1           0  0.42s           2026-02-17T17:55:06
================================================================================
[2026-02-17T17:55:36.752+0000] {manager.py:738} INFO - Searching for files in /opt/airflow/dags
[2026-02-17T17:55:36.766+0000] {manager.py:741} INFO - There are 1 files in /opt/airflow/dags
[2026-02-17T17:55:41.862+0000] {manager.py:879} INFO - 
================================================================================
DAG File Processing Stats

File Path                              PID    Runtime      # DAGs    # Errors  Last Runtime    Last Run
-------------------------------------  -----  ---------  --------  ----------  --------------  -------------------
/opt/airflow/dags/ingest_telemetry.py                           1           0  0.51s           2026-02-17T17:55:37
================================================================================
[2026-02-17T17:56:12.122+0000] {manager.py:879} INFO - 
================================================================================
DAG File Processing Stats

File Path                              PID    Runtime      # DAGs    # Errors  Last Runtime    Last Run
-------------------------------------  -----  ---------  --------  ----------  --------------  -------------------
/opt/airflow/dags/ingest_telemetry.py                           1           0  0.33s           2026-02-17T17:56:08
================================================================================
[2026-02-17T17:56:42.453+0000] {manager.py:879} INFO - 
================================================================================
DAG File Processing Stats

File Path                              PID    Runtime      # DAGs    # Errors  Last Runtime    Last Run
-------------------------------------  -----  ---------  --------  ----------  --------------  -------------------
/opt/airflow/dags/ingest_telemetry.py                           1           0  0.42s           2026-02-17T17:56:38
================================================================================
[2026-02-17T17:57:12.974+0000] {manager.py:879} INFO - 
================================================================================
DAG File Processing Stats

File Path                              PID    Runtime      # DAGs    # Errors  Last Runtime    Last Run
-------------------------------------  -----  ---------  --------  ----------  --------------  -------------------
/opt/airflow/dags/ingest_telemetry.py                           1           0  0.32s           2026-02-17T17:57:09
================================================================================
[2026-02-17T17:57:43.485+0000] {manager.py:879} INFO - 
================================================================================
DAG File Processing Stats

File Path                              PID    Runtime      # DAGs    # Errors  Last Runtime    Last Run
-------------------------------------  -----  ---------  --------  ----------  --------------  -------------------
/opt/airflow/dags/ingest_telemetry.py                           1           0  0.52s           2026-02-17T17:57:39
================================================================================
[2026-02-17T17:58:13.671+0000] {manager.py:879} INFO - 
================================================================================
DAG File Processing Stats

File Path                              PID    Runtime      # DAGs    # Errors  Last Runtime    Last Run
-------------------------------------  -----  ---------  --------  ----------  --------------  -------------------
/opt/airflow/dags/ingest_telemetry.py                           1           0  0.42s           2026-02-17T17:58:10
================================================================================
[2026-02-17T17:58:44.036+0000] {manager.py:879} INFO - 
================================================================================
DAG File Processing Stats

File Path                              PID    Runtime      # DAGs    # Errors  Last Runtime    Last Run
-------------------------------------  -----  ---------  --------  ----------  --------------  -------------------
/opt/airflow/dags/ingest_telemetry.py                           1           0  0.54s           2026-02-17T17:58:41
================================================================================
[2026-02-17T17:59:14.419+0000] {manager.py:879} INFO - 
================================================================================
DAG File Processing Stats

File Path                              PID    Runtime      # DAGs    # Errors  Last Runtime    Last Run
-------------------------------------  -----  ---------  --------  ----------  --------------  -------------------
/opt/airflow/dags/ingest_telemetry.py                           1           0  0.32s           2026-02-17T17:59:11
================================================================================
[2026-02-17T17:59:45.143+0000] {manager.py:879} INFO - 
================================================================================
DAG File Processing Stats

File Path                              PID    Runtime      # DAGs    # Errors  Last Runtime    Last Run
-------------------------------------  -----  ---------  --------  ----------  --------------  -------------------
/opt/airflow/dags/ingest_telemetry.py                           1           0  0.51s           2026-02-17T17:59:42
================================================================================
[2026-02-17T18:00:15.566+0000] {manager.py:879} INFO - 
================================================================================
DAG File Processing Stats

File Path                              PID    Runtime      # DAGs    # Errors  Last Runtime    Last Run
-------------------------------------  -----  ---------  --------  ----------  --------------  -------------------
/opt/airflow/dags/ingest_telemetry.py                           1           0  0.35s           2026-02-17T18:00:12
================================================================================
[2026-02-17T18:00:36.865+0000] {manager.py:738} INFO - Searching for files in /opt/airflow/dags
[2026-02-17T18:00:36.877+0000] {manager.py:741} INFO - There are 1 files in /opt/airflow/dags
[2026-02-17T18:00:45.585+0000] {manager.py:879} INFO - 
================================================================================
DAG File Processing Stats

File Path                              PID    Runtime      # DAGs    # Errors  Last Runtime    Last Run
-------------------------------------  -----  ---------  --------  ----------  --------------  -------------------
/opt/airflow/dags/ingest_telemetry.py                           1           0  0.56s           2026-02-17T18:00:43
================================================================================
[2026-02-17T18:01:15.838+0000] {manager.py:879} INFO - 
================================================================================
DAG File Processing Stats

File Path                              PID    Runtime      # DAGs    # Errors  Last Runtime    Last Run
-------------------------------------  -----  ---------  --------  ----------  --------------  -------------------
/opt/airflow/dags/ingest_telemetry.py                           1           0  0.33s           2026-02-17T18:01:13
================================================================================
[2026-02-17T18:01:46.260+0000] {manager.py:879} INFO - 
================================================================================
DAG File Processing Stats

File Path                              PID    Runtime      # DAGs    # Errors  Last Runtime    Last Run
-------------------------------------  -----  ---------  --------  ----------  --------------  -------------------
/opt/airflow/dags/ingest_telemetry.py                           1           0  0.37s           2026-02-17T18:01:44
================================================================================
[2026-02-17T18:02:16.907+0000] {manager.py:879} INFO - 
================================================================================
DAG File Processing Stats

File Path                              PID    Runtime      # DAGs    # Errors  Last Runtime    Last Run
-------------------------------------  -----  ---------  --------  ----------  --------------  -------------------
/opt/airflow/dags/ingest_telemetry.py                           1           0  0.37s           2026-02-17T18:02:14
================================================================================
[2026-02-17T18:02:47.324+0000] {manager.py:879} INFO - 
================================================================================
DAG File Processing Stats

File Path                              PID    Runtime      # DAGs    # Errors  Last Runtime    Last Run
-------------------------------------  -----  ---------  --------  ----------  --------------  -------------------
/opt/airflow/dags/ingest_telemetry.py                           1           0  0.33s           2026-02-17T18:02:45
================================================================================
[2026-02-17T18:03:17.630+0000] {manager.py:879} INFO - 
================================================================================
DAG File Processing Stats

File Path                                PID  Runtime      # DAGs    # Errors  Last Runtime    Last Run
-------------------------------------  -----  ---------  --------  ----------  --------------  -------------------
/opt/airflow/dags/ingest_telemetry.py    953  1.91s             1           0  0.33s           2026-02-17T18:02:45
================================================================================
[2026-02-17T18:03:48.393+0000] {manager.py:879} INFO - 
================================================================================
DAG File Processing Stats

File Path                                PID  Runtime      # DAGs    # Errors  Last Runtime    Last Run
-------------------------------------  -----  ---------  --------  ----------  --------------  -------------------
/opt/airflow/dags/ingest_telemetry.py    959  0.03s             1           0  2.22s           2026-02-17T18:03:17
================================================================================
[2026-02-17T18:04:18.503+0000] {manager.py:879} INFO - 
================================================================================
DAG File Processing Stats

File Path                              PID    Runtime      # DAGs    # Errors  Last Runtime    Last Run
-------------------------------------  -----  ---------  --------  ----------  --------------  -------------------
/opt/airflow/dags/ingest_telemetry.py                           1           0  0.55s           2026-02-17T18:03:48
================================================================================
[2026-02-17T18:04:49.054+0000] {manager.py:879} INFO - 
================================================================================
DAG File Processing Stats

File Path                              PID    Runtime      # DAGs    # Errors  Last Runtime    Last Run
-------------------------------------  -----  ---------  --------  ----------  --------------  -------------------
/opt/airflow/dags/ingest_telemetry.py                           1           0  0.56s           2026-02-17T18:04:20
================================================================================
[2026-02-17T18:05:19.072+0000] {manager.py:879} INFO - 
================================================================================
DAG File Processing Stats

File Path                              PID    Runtime      # DAGs    # Errors  Last Runtime    Last Run
-------------------------------------  -----  ---------  --------  ----------  --------------  -------------------
/opt/airflow/dags/ingest_telemetry.py                           1           0  0.46s           2026-02-17T18:04:50
================================================================================
[2026-02-17T18:05:37.764+0000] {manager.py:738} INFO - Searching for files in /opt/airflow/dags
[2026-02-17T18:05:37.766+0000] {manager.py:741} INFO - There are 1 files in /opt/airflow/dags
[2026-02-17T18:05:49.890+0000] {manager.py:879} INFO - 
================================================================================
DAG File Processing Stats

File Path                              PID    Runtime      # DAGs    # Errors  Last Runtime    Last Run
-------------------------------------  -----  ---------  --------  ----------  --------------  -------------------
/opt/airflow/dags/ingest_telemetry.py                           1           0  0.55s           2026-02-17T18:05:21
================================================================================
[2026-02-17T18:06:20.256+0000] {manager.py:879} INFO - 
================================================================================
DAG File Processing Stats

File Path                              PID    Runtime      # DAGs    # Errors  Last Runtime    Last Run
-------------------------------------  -----  ---------  --------  ----------  --------------  -------------------
/opt/airflow/dags/ingest_telemetry.py                           1           0  0.36s           2026-02-17T18:05:52
================================================================================
[2026-02-17T18:06:51.062+0000] {manager.py:879} INFO - 
================================================================================
DAG File Processing Stats

File Path                              PID    Runtime      # DAGs    # Errors  Last Runtime    Last Run
-------------------------------------  -----  ---------  --------  ----------  --------------  -------------------
/opt/airflow/dags/ingest_telemetry.py                           1           0  0.52s           2026-02-17T18:06:22
================================================================================
[2026-02-17T18:07:21.465+0000] {manager.py:879} INFO - 
================================================================================
DAG File Processing Stats

File Path                              PID    Runtime      # DAGs    # Errors  Last Runtime    Last Run
-------------------------------------  -----  ---------  --------  ----------  --------------  -------------------
/opt/airflow/dags/ingest_telemetry.py                           1           0  0.62s           2026-02-17T18:06:53
================================================================================
[2026-02-17T18:07:51.806+0000] {manager.py:879} INFO - 
================================================================================
DAG File Processing Stats

File Path                              PID    Runtime      # DAGs    # Errors  Last Runtime    Last Run
-------------------------------------  -----  ---------  --------  ----------  --------------  -------------------
/opt/airflow/dags/ingest_telemetry.py                           1           0  0.54s           2026-02-17T18:07:24
================================================================================
[2026-02-17T18:08:22.245+0000] {manager.py:879} INFO - 
================================================================================
DAG File Processing Stats

File Path                              PID    Runtime      # DAGs    # Errors  Last Runtime    Last Run
-------------------------------------  -----  ---------  --------  ----------  --------------  -------------------
/opt/airflow/dags/ingest_telemetry.py                           1           0  0.37s           2026-02-17T18:07:55
================================================================================
[2026-02-17T18:08:52.836+0000] {manager.py:879} INFO - 
================================================================================
DAG File Processing Stats

File Path                              PID    Runtime      # DAGs    # Errors  Last Runtime    Last Run
-------------------------------------  -----  ---------  --------  ----------  --------------  -------------------
/opt/airflow/dags/ingest_telemetry.py                           1           0  0.53s           2026-02-17T18:08:25
================================================================================
[2026-02-17T18:09:23.386+0000] {manager.py:879} INFO - 
================================================================================
DAG File Processing Stats

File Path                              PID    Runtime      # DAGs    # Errors  Last Runtime    Last Run
-------------------------------------  -----  ---------  --------  ----------  --------------  -------------------
/opt/airflow/dags/ingest_telemetry.py                           1           0  0.37s           2026-02-17T18:08:56
================================================================================
[2026-02-17T18:09:53.795+0000] {manager.py:879} INFO - 
================================================================================
DAG File Processing Stats

File Path                              PID    Runtime      # DAGs    # Errors  Last Runtime    Last Run
-------------------------------------  -----  ---------  --------  ----------  --------------  -------------------
/opt/airflow/dags/ingest_telemetry.py                           1           0  0.54s           2026-02-17T18:09:26
================================================================================
[2026-02-17T18:10:23.928+0000] {manager.py:879} INFO - 
================================================================================
DAG File Processing Stats

File Path                              PID    Runtime      # DAGs    # Errors  Last Runtime    Last Run
-------------------------------------  -----  ---------  --------  ----------  --------------  -------------------
/opt/airflow/dags/ingest_telemetry.py                           1           0  0.41s           2026-02-17T18:09:57
================================================================================
[2026-02-17T18:10:38.088+0000] {manager.py:738} INFO - Searching for files in /opt/airflow/dags
[2026-02-17T18:10:38.098+0000] {manager.py:741} INFO - There are 1 files in /opt/airflow/dags
[2026-02-17T18:10:54.267+0000] {manager.py:879} INFO - 
================================================================================
DAG File Processing Stats

File Path                              PID    Runtime      # DAGs    # Errors  Last Runtime    Last Run
-------------------------------------  -----  ---------  --------  ----------  --------------  -------------------
/opt/airflow/dags/ingest_telemetry.py                           1           0  0.56s           2026-02-17T18:10:28
================================================================================
[2026-02-17T18:11:24.607+0000] {manager.py:879} INFO - 
================================================================================
DAG File Processing Stats

File Path                              PID    Runtime      # DAGs    # Errors  Last Runtime    Last Run
-------------------------------------  -----  ---------  --------  ----------  --------------  -------------------
/opt/airflow/dags/ingest_telemetry.py                           1           0  0.50s           2026-02-17T18:10:59
================================================================================
[2026-02-17T18:11:54.964+0000] {manager.py:879} INFO - 
================================================================================
DAG File Processing Stats

File Path                              PID    Runtime      # DAGs    # Errors  Last Runtime    Last Run
-------------------------------------  -----  ---------  --------  ----------  --------------  -------------------
/opt/airflow/dags/ingest_telemetry.py                           1           0  0.57s           2026-02-17T18:11:30
================================================================================
[2026-02-17T18:12:25.266+0000] {manager.py:879} INFO - 
================================================================================
DAG File Processing Stats

File Path                              PID    Runtime      # DAGs    # Errors  Last Runtime    Last Run
-------------------------------------  -----  ---------  --------  ----------  --------------  -------------------
/opt/airflow/dags/ingest_telemetry.py                           1           0  0.50s           2026-02-17T18:12:01
================================================================================
[2026-02-17T18:12:56.048+0000] {manager.py:879} INFO - 
================================================================================
DAG File Processing Stats

File Path                              PID    Runtime      # DAGs    # Errors  Last Runtime    Last Run
-------------------------------------  -----  ---------  --------  ----------  --------------  -------------------
/opt/airflow/dags/ingest_telemetry.py                           1           0  0.55s           2026-02-17T18:12:31
================================================================================
[2026-02-17T18:13:26.364+0000] {manager.py:879} INFO - 
================================================================================
DAG File Processing Stats

File Path                              PID    Runtime      # DAGs    # Errors  Last Runtime    Last Run
-------------------------------------  -----  ---------  --------  ----------  --------------  -------------------
/opt/airflow/dags/ingest_telemetry.py                           1           0  0.54s           2026-02-17T18:13:02
================================================================================
[2026-02-17T18:13:56.583+0000] {manager.py:879} INFO - 
================================================================================
DAG File Processing Stats

File Path                              PID    Runtime      # DAGs    # Errors  Last Runtime    Last Run
-------------------------------------  -----  ---------  --------  ----------  --------------  -------------------
/opt/airflow/dags/ingest_telemetry.py                           1           0  0.39s           2026-02-17T18:13:33
================================================================================
[2026-02-17T18:14:26.883+0000] {manager.py:879} INFO - 
================================================================================
DAG File Processing Stats

File Path                              PID    Runtime      # DAGs    # Errors  Last Runtime    Last Run
-------------------------------------  -----  ---------  --------  ----------  --------------  -------------------
/opt/airflow/dags/ingest_telemetry.py                           1           0  0.48s           2026-02-17T18:14:04
================================================================================
[2026-02-17T18:14:57.162+0000] {manager.py:879} INFO - 
================================================================================
DAG File Processing Stats

File Path                              PID    Runtime      # DAGs    # Errors  Last Runtime    Last Run
-------------------------------------  -----  ---------  --------  ----------  --------------  -------------------
/opt/airflow/dags/ingest_telemetry.py                           1           0  0.51s           2026-02-17T18:14:34
================================================================================
[2026-02-17T18:15:27.491+0000] {manager.py:879} INFO - 
================================================================================
DAG File Processing Stats

File Path                              PID    Runtime      # DAGs    # Errors  Last Runtime    Last Run
-------------------------------------  -----  ---------  --------  ----------  --------------  -------------------
/opt/airflow/dags/ingest_telemetry.py                           1           0  0.40s           2026-02-17T18:15:05
================================================================================
[2026-02-17T18:15:38.432+0000] {manager.py:738} INFO - Searching for files in /opt/airflow/dags
[2026-02-17T18:15:38.441+0000] {manager.py:741} INFO - There are 1 files in /opt/airflow/dags
[2026-02-17T18:15:57.676+0000] {manager.py:879} INFO - 
================================================================================
DAG File Processing Stats

File Path                              PID    Runtime      # DAGs    # Errors  Last Runtime    Last Run
-------------------------------------  -----  ---------  --------  ----------  --------------  -------------------
/opt/airflow/dags/ingest_telemetry.py                           1           0  0.51s           2026-02-17T18:15:36
================================================================================
[2026-02-17T18:16:28.364+0000] {manager.py:879} INFO - 
================================================================================
DAG File Processing Stats

File Path                              PID    Runtime      # DAGs    # Errors  Last Runtime    Last Run
-------------------------------------  -----  ---------  --------  ----------  --------------  -------------------
/opt/airflow/dags/ingest_telemetry.py                           1           0  0.41s           2026-02-17T18:16:07
================================================================================
[2026-02-17T18:16:58.697+0000] {manager.py:879} INFO - 
================================================================================
DAG File Processing Stats

File Path                              PID    Runtime      # DAGs    # Errors  Last Runtime    Last Run
-------------------------------------  -----  ---------  --------  ----------  --------------  -------------------
/opt/airflow/dags/ingest_telemetry.py                           1           0  0.47s           2026-02-17T18:16:37
================================================================================
[2026-02-17T18:17:28.797+0000] {manager.py:879} INFO - 
================================================================================
DAG File Processing Stats

File Path                              PID    Runtime      # DAGs    # Errors  Last Runtime    Last Run
-------------------------------------  -----  ---------  --------  ----------  --------------  -------------------
/opt/airflow/dags/ingest_telemetry.py                           1           0  0.38s           2026-02-17T18:17:08
================================================================================
[2026-02-17T18:17:59.129+0000] {manager.py:879} INFO - 
================================================================================
DAG File Processing Stats

File Path                              PID    Runtime      # DAGs    # Errors  Last Runtime    Last Run
-------------------------------------  -----  ---------  --------  ----------  --------------  -------------------
/opt/airflow/dags/ingest_telemetry.py                           1           0  0.50s           2026-02-17T18:17:39
================================================================================
[2026-02-17T18:18:29.166+0000] {manager.py:879} INFO - 
================================================================================
DAG File Processing Stats

File Path                              PID    Runtime      # DAGs    # Errors  Last Runtime    Last Run
-------------------------------------  -----  ---------  --------  ----------  --------------  -------------------
/opt/airflow/dags/ingest_telemetry.py                           1           0  0.32s           2026-02-17T18:18:09
================================================================================
[2026-02-17T18:18:59.468+0000] {manager.py:879} INFO - 
================================================================================
DAG File Processing Stats

File Path                              PID    Runtime      # DAGs    # Errors  Last Runtime    Last Run
-------------------------------------  -----  ---------  --------  ----------  --------------  -------------------
/opt/airflow/dags/ingest_telemetry.py                           1           0  0.58s           2026-02-17T18:18:40
================================================================================
[2026-02-17T18:19:29.783+0000] {manager.py:879} INFO - 
================================================================================
DAG File Processing Stats

File Path                              PID    Runtime      # DAGs    # Errors  Last Runtime    Last Run
-------------------------------------  -----  ---------  --------  ----------  --------------  -------------------
/opt/airflow/dags/ingest_telemetry.py                           1           0  0.32s           2026-02-17T18:19:11
================================================================================
[2026-02-17T18:20:00.066+0000] {manager.py:879} INFO - 
================================================================================
DAG File Processing Stats

File Path                              PID    Runtime      # DAGs    # Errors  Last Runtime    Last Run
-------------------------------------  -----  ---------  --------  ----------  --------------  -------------------
/opt/airflow/dags/ingest_telemetry.py                           1           0  0.51s           2026-02-17T18:19:42
================================================================================
[2026-02-17T18:20:30.587+0000] {manager.py:879} INFO - 
================================================================================
DAG File Processing Stats

File Path                              PID    Runtime      # DAGs    # Errors  Last Runtime    Last Run
-------------------------------------  -----  ---------  --------  ----------  --------------  -------------------
/opt/airflow/dags/ingest_telemetry.py                           1           0  0.49s           2026-02-17T18:20:12
================================================================================
[2026-02-17T18:20:38.663+0000] {manager.py:738} INFO - Searching for files in /opt/airflow/dags
[2026-02-17T18:20:38.669+0000] {manager.py:741} INFO - There are 1 files in /opt/airflow/dags
[2026-02-17T18:21:00.714+0000] {manager.py:879} INFO - 
================================================================================
DAG File Processing Stats

File Path                              PID    Runtime      # DAGs    # Errors  Last Runtime    Last Run
-------------------------------------  -----  ---------  --------  ----------  --------------  -------------------
/opt/airflow/dags/ingest_telemetry.py                           1           0  0.51s           2026-02-17T18:20:43
================================================================================
[2026-02-17T18:21:31.057+0000] {manager.py:879} INFO - 
================================================================================
DAG File Processing Stats

File Path                              PID    Runtime      # DAGs    # Errors  Last Runtime    Last Run
-------------------------------------  -----  ---------  --------  ----------  --------------  -------------------
/opt/airflow/dags/ingest_telemetry.py                           1           0  0.32s           2026-02-17T18:21:14
================================================================================
[2026-02-17T18:22:01.279+0000] {manager.py:879} INFO - 
================================================================================
DAG File Processing Stats

File Path                              PID    Runtime      # DAGs    # Errors  Last Runtime    Last Run
-------------------------------------  -----  ---------  --------  ----------  --------------  -------------------
/opt/airflow/dags/ingest_telemetry.py                           1           0  0.61s           2026-02-17T18:21:45
================================================================================
[2026-02-17T18:22:31.959+0000] {manager.py:879} INFO - 
================================================================================
DAG File Processing Stats

File Path                              PID    Runtime      # DAGs    # Errors  Last Runtime    Last Run
-------------------------------------  -----  ---------  --------  ----------  --------------  -------------------
/opt/airflow/dags/ingest_telemetry.py                           1           0  0.42s           2026-02-17T18:22:15
================================================================================
[2026-02-17T18:23:02.220+0000] {manager.py:879} INFO - 
================================================================================
DAG File Processing Stats

File Path                              PID    Runtime      # DAGs    # Errors  Last Runtime    Last Run
-------------------------------------  -----  ---------  --------  ----------  --------------  -------------------
/opt/airflow/dags/ingest_telemetry.py                           1           0  0.38s           2026-02-17T18:22:46
================================================================================
[2026-02-17T18:23:33.042+0000] {manager.py:879} INFO - 
================================================================================
DAG File Processing Stats

File Path                              PID    Runtime      # DAGs    # Errors  Last Runtime    Last Run
-------------------------------------  -----  ---------  --------  ----------  --------------  -------------------
/opt/airflow/dags/ingest_telemetry.py                           1           0  1.19s           2026-02-17T18:23:17
================================================================================
[2026-02-17T18:24:03.420+0000] {manager.py:879} INFO - 
================================================================================
DAG File Processing Stats

File Path                              PID    Runtime      # DAGs    # Errors  Last Runtime    Last Run
-------------------------------------  -----  ---------  --------  ----------  --------------  -------------------
/opt/airflow/dags/ingest_telemetry.py                           1           0  0.53s           2026-02-17T18:23:48
================================================================================
[2026-02-17T18:24:33.682+0000] {manager.py:879} INFO - 
================================================================================
DAG File Processing Stats

File Path                              PID    Runtime      # DAGs    # Errors  Last Runtime    Last Run
-------------------------------------  -----  ---------  --------  ----------  --------------  -------------------
/opt/airflow/dags/ingest_telemetry.py                           1           0  0.53s           2026-02-17T18:24:19
================================================================================
[2026-02-17T18:25:03.970+0000] {manager.py:879} INFO - 
================================================================================
DAG File Processing Stats

File Path                              PID    Runtime      # DAGs    # Errors  Last Runtime    Last Run
-------------------------------------  -----  ---------  --------  ----------  --------------  -------------------
/opt/airflow/dags/ingest_telemetry.py                           1           0  0.48s           2026-02-17T18:24:50
================================================================================
[2026-02-17T18:25:34.268+0000] {manager.py:879} INFO - 
================================================================================
DAG File Processing Stats

File Path                              PID    Runtime      # DAGs    # Errors  Last Runtime    Last Run
-------------------------------------  -----  ---------  --------  ----------  --------------  -------------------
/opt/airflow/dags/ingest_telemetry.py                           1           0  0.64s           2026-02-17T18:25:21
================================================================================
[2026-02-17T18:25:39.309+0000] {manager.py:738} INFO - Searching for files in /opt/airflow/dags
[2026-02-17T18:25:39.316+0000] {manager.py:741} INFO - There are 1 files in /opt/airflow/dags
[2026-02-17T18:26:04.663+0000] {manager.py:879} INFO - 
================================================================================
DAG File Processing Stats

File Path                              PID    Runtime      # DAGs    # Errors  Last Runtime    Last Run
-------------------------------------  -----  ---------  --------  ----------  --------------  -------------------
/opt/airflow/dags/ingest_telemetry.py                           1           0  0.54s           2026-02-17T18:25:52
================================================================================
[2026-02-17T18:26:35.005+0000] {manager.py:879} INFO - 
================================================================================
DAG File Processing Stats

File Path                              PID    Runtime      # DAGs    # Errors  Last Runtime    Last Run
-------------------------------------  -----  ---------  --------  ----------  --------------  -------------------
/opt/airflow/dags/ingest_telemetry.py                           1           0  0.56s           2026-02-17T18:26:22
================================================================================
[2026-02-17T18:27:05.329+0000] {manager.py:879} INFO - 
================================================================================
DAG File Processing Stats

File Path                              PID    Runtime      # DAGs    # Errors  Last Runtime    Last Run
-------------------------------------  -----  ---------  --------  ----------  --------------  -------------------
/opt/airflow/dags/ingest_telemetry.py                           1           0  0.51s           2026-02-17T18:26:53
================================================================================
[2026-02-17T18:27:35.633+0000] {manager.py:879} INFO - 
================================================================================
DAG File Processing Stats

File Path                              PID    Runtime      # DAGs    # Errors  Last Runtime    Last Run
-------------------------------------  -----  ---------  --------  ----------  --------------  -------------------
/opt/airflow/dags/ingest_telemetry.py                           1           0  0.64s           2026-02-17T18:27:24
================================================================================
[2026-02-17T18:28:06.046+0000] {manager.py:879} INFO - 
================================================================================
DAG File Processing Stats

File Path                              PID    Runtime      # DAGs    # Errors  Last Runtime    Last Run
-------------------------------------  -----  ---------  --------  ----------  --------------  -------------------
/opt/airflow/dags/ingest_telemetry.py                           1           0  0.51s           2026-02-17T18:27:55
================================================================================
[2026-02-17T18:28:36.316+0000] {manager.py:879} INFO - 
================================================================================
DAG File Processing Stats

File Path                              PID    Runtime      # DAGs    # Errors  Last Runtime    Last Run
-------------------------------------  -----  ---------  --------  ----------  --------------  -------------------
/opt/airflow/dags/ingest_telemetry.py                           1           0  0.53s           2026-02-17T18:28:26
================================================================================
[2026-02-17T18:29:07.076+0000] {manager.py:879} INFO - 
================================================================================
DAG File Processing Stats

File Path                              PID    Runtime      # DAGs    # Errors  Last Runtime    Last Run
-------------------------------------  -----  ---------  --------  ----------  --------------  -------------------
/opt/airflow/dags/ingest_telemetry.py                           1           0  0.58s           2026-02-17T18:28:57
================================================================================
[2026-02-17T18:29:37.425+0000] {manager.py:879} INFO - 
================================================================================
DAG File Processing Stats

File Path                              PID    Runtime      # DAGs    # Errors  Last Runtime    Last Run
-------------------------------------  -----  ---------  --------  ----------  --------------  -------------------
/opt/airflow/dags/ingest_telemetry.py                           1           0  0.50s           2026-02-17T18:29:27
================================================================================
[2026-02-17T18:30:07.675+0000] {manager.py:879} INFO - 
================================================================================
DAG File Processing Stats

File Path                              PID    Runtime      # DAGs    # Errors  Last Runtime    Last Run
-------------------------------------  -----  ---------  --------  ----------  --------------  -------------------
/opt/airflow/dags/ingest_telemetry.py                           1           0  0.52s           2026-02-17T18:29:58
================================================================================
[2026-02-17T18:30:38.557+0000] {manager.py:879} INFO - 
================================================================================
DAG File Processing Stats

File Path                              PID    Runtime      # DAGs    # Errors  Last Runtime    Last Run
-------------------------------------  -----  ---------  --------  ----------  --------------  -------------------
/opt/airflow/dags/ingest_telemetry.py                           1           0  0.57s           2026-02-17T18:30:29
================================================================================
[2026-02-17T18:30:39.565+0000] {manager.py:738} INFO - Searching for files in /opt/airflow/dags
[2026-02-17T18:30:39.570+0000] {manager.py:741} INFO - There are 1 files in /opt/airflow/dags
[2026-02-17T18:31:08.926+0000] {manager.py:879} INFO - 
================================================================================
DAG File Processing Stats

File Path                              PID    Runtime      # DAGs    # Errors  Last Runtime    Last Run
-------------------------------------  -----  ---------  --------  ----------  --------------  -------------------
/opt/airflow/dags/ingest_telemetry.py                           1           0  0.59s           2026-02-17T18:31:00
================================================================================
[2026-02-17T18:31:39.208+0000] {manager.py:879} INFO - 
================================================================================
DAG File Processing Stats

File Path                              PID    Runtime      # DAGs    # Errors  Last Runtime    Last Run
-------------------------------------  -----  ---------  --------  ----------  --------------  -------------------
/opt/airflow/dags/ingest_telemetry.py                           1           0  0.54s           2026-02-17T18:31:31
================================================================================
[2026-02-17T18:32:09.287+0000] {manager.py:879} INFO - 
================================================================================
DAG File Processing Stats

File Path                              PID    Runtime      # DAGs    # Errors  Last Runtime    Last Run
-------------------------------------  -----  ---------  --------  ----------  --------------  -------------------
/opt/airflow/dags/ingest_telemetry.py                           1           0  0.71s           2026-02-17T18:32:02
================================================================================
[2026-02-17T18:32:39.882+0000] {manager.py:879} INFO - 
================================================================================
DAG File Processing Stats

File Path                              PID    Runtime      # DAGs    # Errors  Last Runtime    Last Run
-------------------------------------  -----  ---------  --------  ----------  --------------  -------------------
/opt/airflow/dags/ingest_telemetry.py                           1           0  0.54s           2026-02-17T18:32:33
================================================================================
[2026-02-17T18:33:10.285+0000] {manager.py:879} INFO - 
================================================================================
DAG File Processing Stats

File Path                              PID    Runtime      # DAGs    # Errors  Last Runtime    Last Run
-------------------------------------  -----  ---------  --------  ----------  --------------  -------------------
/opt/airflow/dags/ingest_telemetry.py                           1           0  0.36s           2026-02-17T18:33:03
================================================================================
[2026-02-17T18:33:40.530+0000] {manager.py:879} INFO - 
================================================================================
DAG File Processing Stats

File Path                              PID    Runtime      # DAGs    # Errors  Last Runtime    Last Run
-------------------------------------  -----  ---------  --------  ----------  --------------  -------------------
/opt/airflow/dags/ingest_telemetry.py                           1           0  0.51s           2026-02-17T18:33:34
================================================================================
[2026-02-17T18:34:10.838+0000] {manager.py:879} INFO - 
================================================================================
DAG File Processing Stats

File Path                              PID    Runtime      # DAGs    # Errors  Last Runtime    Last Run
-------------------------------------  -----  ---------  --------  ----------  --------------  -------------------
/opt/airflow/dags/ingest_telemetry.py                           1           0  0.33s           2026-02-17T18:34:05
================================================================================
[2026-02-17T18:34:41.459+0000] {manager.py:879} INFO - 
================================================================================
DAG File Processing Stats

File Path                              PID    Runtime      # DAGs    # Errors  Last Runtime    Last Run
-------------------------------------  -----  ---------  --------  ----------  --------------  -------------------
/opt/airflow/dags/ingest_telemetry.py                           1           0  0.53s           2026-02-17T18:34:35
================================================================================
[2026-02-17T18:35:12.049+0000] {manager.py:879} INFO - 
================================================================================
DAG File Processing Stats

File Path                              PID    Runtime      # DAGs    # Errors  Last Runtime    Last Run
-------------------------------------  -----  ---------  --------  ----------  --------------  -------------------
/opt/airflow/dags/ingest_telemetry.py                           1           0  0.45s           2026-02-17T18:35:06
================================================================================
[2026-02-17T18:35:39.749+0000] {manager.py:738} INFO - Searching for files in /opt/airflow/dags
[2026-02-17T18:35:39.758+0000] {manager.py:741} INFO - There are 1 files in /opt/airflow/dags
[2026-02-17T18:35:42.236+0000] {manager.py:879} INFO - 
================================================================================
DAG File Processing Stats

File Path                              PID    Runtime      # DAGs    # Errors  Last Runtime    Last Run
-------------------------------------  -----  ---------  --------  ----------  --------------  -------------------
/opt/airflow/dags/ingest_telemetry.py                           1           0  0.49s           2026-02-17T18:35:37
================================================================================
[2026-02-17T18:36:12.518+0000] {manager.py:879} INFO - 
================================================================================
DAG File Processing Stats

File Path                              PID    Runtime      # DAGs    # Errors  Last Runtime    Last Run
-------------------------------------  -----  ---------  --------  ----------  --------------  -------------------
/opt/airflow/dags/ingest_telemetry.py                           1           0  0.53s           2026-02-17T18:36:07
================================================================================
[2026-02-17T18:36:42.782+0000] {manager.py:879} INFO - 
================================================================================
DAG File Processing Stats

File Path                              PID    Runtime      # DAGs    # Errors  Last Runtime    Last Run
-------------------------------------  -----  ---------  --------  ----------  --------------  -------------------
/opt/airflow/dags/ingest_telemetry.py                           1           0  0.51s           2026-02-17T18:36:38
================================================================================
[2026-02-17T18:37:13.139+0000] {manager.py:879} INFO - 
================================================================================
DAG File Processing Stats

File Path                              PID    Runtime      # DAGs    # Errors  Last Runtime    Last Run
-------------------------------------  -----  ---------  --------  ----------  --------------  -------------------
/opt/airflow/dags/ingest_telemetry.py                           1           0  0.55s           2026-02-17T18:37:09
================================================================================
[2026-02-17T18:37:43.407+0000] {manager.py:879} INFO - 
================================================================================
DAG File Processing Stats

File Path                              PID    Runtime      # DAGs    # Errors  Last Runtime    Last Run
-------------------------------------  -----  ---------  --------  ----------  --------------  -------------------
/opt/airflow/dags/ingest_telemetry.py                           1           0  0.53s           2026-02-17T18:37:40
================================================================================
[2026-02-17T18:38:13.724+0000] {manager.py:879} INFO - 
================================================================================
DAG File Processing Stats

File Path                              PID    Runtime      # DAGs    # Errors  Last Runtime    Last Run
-------------------------------------  -----  ---------  --------  ----------  --------------  -------------------
/opt/airflow/dags/ingest_telemetry.py                           1           0  0.32s           2026-02-17T18:38:10
================================================================================
[2026-02-17T18:38:44.269+0000] {manager.py:879} INFO - 
================================================================================
DAG File Processing Stats

File Path                              PID    Runtime      # DAGs    # Errors  Last Runtime    Last Run
-------------------------------------  -----  ---------  --------  ----------  --------------  -------------------
/opt/airflow/dags/ingest_telemetry.py                           1           0  0.52s           2026-02-17T18:38:41
================================================================================
[2026-02-17T18:39:14.934+0000] {manager.py:879} INFO - 
================================================================================
DAG File Processing Stats

File Path                              PID    Runtime      # DAGs    # Errors  Last Runtime    Last Run
-------------------------------------  -----  ---------  --------  ----------  --------------  -------------------
/opt/airflow/dags/ingest_telemetry.py                           1           0  0.32s           2026-02-17T18:39:12
================================================================================
[2026-02-17T18:39:45.000+0000] {manager.py:879} INFO - 
================================================================================
DAG File Processing Stats

File Path                              PID    Runtime      # DAGs    # Errors  Last Runtime    Last Run
-------------------------------------  -----  ---------  --------  ----------  --------------  -------------------
/opt/airflow/dags/ingest_telemetry.py                           1           0  0.51s           2026-02-17T18:39:42
================================================================================
[2026-02-17T18:40:15.238+0000] {manager.py:879} INFO - 
================================================================================
DAG File Processing Stats

File Path                              PID    Runtime      # DAGs    # Errors  Last Runtime    Last Run
-------------------------------------  -----  ---------  --------  ----------  --------------  -------------------
/opt/airflow/dags/ingest_telemetry.py                           1           0  0.41s           2026-02-17T18:40:13
================================================================================
[2026-02-17T18:40:39.896+0000] {manager.py:738} INFO - Searching for files in /opt/airflow/dags
[2026-02-17T18:40:39.909+0000] {manager.py:741} INFO - There are 1 files in /opt/airflow/dags
[2026-02-17T18:40:45.535+0000] {manager.py:879} INFO - 
================================================================================
DAG File Processing Stats

File Path                              PID    Runtime      # DAGs    # Errors  Last Runtime    Last Run
-------------------------------------  -----  ---------  --------  ----------  --------------  -------------------
/opt/airflow/dags/ingest_telemetry.py                           1           0  0.60s           2026-02-17T18:40:44
================================================================================
[2026-02-17T18:41:15.930+0000] {manager.py:879} INFO - 
================================================================================
DAG File Processing Stats

File Path                              PID    Runtime      # DAGs    # Errors  Last Runtime    Last Run
-------------------------------------  -----  ---------  --------  ----------  --------------  -------------------
/opt/airflow/dags/ingest_telemetry.py                           1           0  0.58s           2026-02-17T18:41:15
================================================================================
[2026-02-17T18:41:46.214+0000] {manager.py:879} INFO - 
================================================================================
DAG File Processing Stats

File Path                                PID  Runtime      # DAGs    # Errors  Last Runtime    Last Run
-------------------------------------  -----  ---------  --------  ----------  --------------  -------------------
/opt/airflow/dags/ingest_telemetry.py   1472  0.38s             1           0  0.58s           2026-02-17T18:41:15
================================================================================
[2026-02-17T18:42:16.558+0000] {manager.py:879} INFO - 
================================================================================
DAG File Processing Stats

File Path                                PID  Runtime      # DAGs    # Errors  Last Runtime    Last Run
-------------------------------------  -----  ---------  --------  ----------  --------------  -------------------
/opt/airflow/dags/ingest_telemetry.py   1481  0.01s             1           0  0.53s           2026-02-17T18:41:46
================================================================================
[2026-02-17T18:42:46.904+0000] {manager.py:879} INFO - 
================================================================================
DAG File Processing Stats

File Path                              PID    Runtime      # DAGs    # Errors  Last Runtime    Last Run
-------------------------------------  -----  ---------  --------  ----------  --------------  -------------------
/opt/airflow/dags/ingest_telemetry.py                           1           0  0.59s           2026-02-17T18:42:17
================================================================================
[2026-02-17T18:43:17.253+0000] {manager.py:879} INFO - 
================================================================================
DAG File Processing Stats

File Path                              PID    Runtime      # DAGs    # Errors  Last Runtime    Last Run
-------------------------------------  -----  ---------  --------  ----------  --------------  -------------------
/opt/airflow/dags/ingest_telemetry.py                           1           0  0.56s           2026-02-17T18:42:47
================================================================================
[2026-02-17T18:43:47.566+0000] {manager.py:879} INFO - 
================================================================================
DAG File Processing Stats

File Path                              PID    Runtime      # DAGs    # Errors  Last Runtime    Last Run
-------------------------------------  -----  ---------  --------  ----------  --------------  -------------------
/opt/airflow/dags/ingest_telemetry.py                           1           0  0.63s           2026-02-17T18:43:18
================================================================================
[2026-02-17T18:44:17.765+0000] {manager.py:879} INFO - 
================================================================================
DAG File Processing Stats

File Path                              PID    Runtime      # DAGs    # Errors  Last Runtime    Last Run
-------------------------------------  -----  ---------  --------  ----------  --------------  -------------------
/opt/airflow/dags/ingest_telemetry.py                           1           0  0.52s           2026-02-17T18:43:49
================================================================================
