[2026-02-17T17:05:33.384+0000] {processor.py:161} INFO - Started process (PID=166) to work on /opt/airflow/dags/ingest_telemetry.py
[2026-02-17T17:05:33.386+0000] {processor.py:830} INFO - Processing file /opt/airflow/dags/ingest_telemetry.py for tasks to queue
[2026-02-17T17:05:33.387+0000] {logging_mixin.py:188} INFO - [2026-02-17T17:05:33.387+0000] {dagbag.py:538} INFO - Filling up the DagBag from /opt/airflow/dags/ingest_telemetry.py
[2026-02-17T17:05:34.461+0000] {processor.py:840} INFO - DAG(s) 'ingest_telemetry' retrieved from /opt/airflow/dags/ingest_telemetry.py
[2026-02-17T17:05:34.475+0000] {logging_mixin.py:188} INFO - [2026-02-17T17:05:34.474+0000] {dag.py:3036} INFO - Sync 1 DAGs
[2026-02-17T17:05:34.490+0000] {logging_mixin.py:188} INFO - [2026-02-17T17:05:34.490+0000] {dag.py:3823} INFO - Setting next_dagrun for ingest_telemetry to 2026-02-17 17:05:00+00:00, run_after=2026-02-17 17:10:00+00:00
[2026-02-17T17:05:34.499+0000] {processor.py:183} INFO - Processing /opt/airflow/dags/ingest_telemetry.py took 1.118 seconds
[2026-02-17T17:06:05.060+0000] {processor.py:161} INFO - Started process (PID=179) to work on /opt/airflow/dags/ingest_telemetry.py
[2026-02-17T17:06:05.061+0000] {processor.py:830} INFO - Processing file /opt/airflow/dags/ingest_telemetry.py for tasks to queue
[2026-02-17T17:06:05.062+0000] {logging_mixin.py:188} INFO - [2026-02-17T17:06:05.062+0000] {dagbag.py:538} INFO - Filling up the DagBag from /opt/airflow/dags/ingest_telemetry.py
[2026-02-17T17:06:05.641+0000] {processor.py:840} INFO - DAG(s) 'ingest_telemetry' retrieved from /opt/airflow/dags/ingest_telemetry.py
[2026-02-17T17:06:05.776+0000] {logging_mixin.py:188} INFO - [2026-02-17T17:06:05.776+0000] {dag.py:3036} INFO - Sync 1 DAGs
[2026-02-17T17:06:05.787+0000] {logging_mixin.py:188} INFO - [2026-02-17T17:06:05.787+0000] {dag.py:3823} INFO - Setting next_dagrun for ingest_telemetry to 2026-02-17 17:05:00+00:00, run_after=2026-02-17 17:10:00+00:00
[2026-02-17T17:06:05.796+0000] {processor.py:183} INFO - Processing /opt/airflow/dags/ingest_telemetry.py took 0.741 seconds
[2026-02-17T17:06:36.135+0000] {processor.py:161} INFO - Started process (PID=185) to work on /opt/airflow/dags/ingest_telemetry.py
[2026-02-17T17:06:36.137+0000] {processor.py:830} INFO - Processing file /opt/airflow/dags/ingest_telemetry.py for tasks to queue
[2026-02-17T17:06:36.138+0000] {logging_mixin.py:188} INFO - [2026-02-17T17:06:36.138+0000] {dagbag.py:538} INFO - Filling up the DagBag from /opt/airflow/dags/ingest_telemetry.py
[2026-02-17T17:06:36.585+0000] {processor.py:840} INFO - DAG(s) 'ingest_telemetry' retrieved from /opt/airflow/dags/ingest_telemetry.py
[2026-02-17T17:06:36.598+0000] {logging_mixin.py:188} INFO - [2026-02-17T17:06:36.597+0000] {dag.py:3036} INFO - Sync 1 DAGs
[2026-02-17T17:06:36.608+0000] {logging_mixin.py:188} INFO - [2026-02-17T17:06:36.608+0000] {dag.py:3823} INFO - Setting next_dagrun for ingest_telemetry to 2026-02-17 17:05:00+00:00, run_after=2026-02-17 17:10:00+00:00
[2026-02-17T17:06:36.616+0000] {processor.py:183} INFO - Processing /opt/airflow/dags/ingest_telemetry.py took 0.487 seconds
[2026-02-17T17:07:07.150+0000] {processor.py:161} INFO - Started process (PID=191) to work on /opt/airflow/dags/ingest_telemetry.py
[2026-02-17T17:07:07.151+0000] {processor.py:830} INFO - Processing file /opt/airflow/dags/ingest_telemetry.py for tasks to queue
[2026-02-17T17:07:07.152+0000] {logging_mixin.py:188} INFO - [2026-02-17T17:07:07.151+0000] {dagbag.py:538} INFO - Filling up the DagBag from /opt/airflow/dags/ingest_telemetry.py
[2026-02-17T17:07:07.588+0000] {processor.py:840} INFO - DAG(s) 'ingest_telemetry' retrieved from /opt/airflow/dags/ingest_telemetry.py
[2026-02-17T17:07:07.600+0000] {logging_mixin.py:188} INFO - [2026-02-17T17:07:07.599+0000] {dag.py:3036} INFO - Sync 1 DAGs
[2026-02-17T17:07:07.610+0000] {logging_mixin.py:188} INFO - [2026-02-17T17:07:07.610+0000] {dag.py:3823} INFO - Setting next_dagrun for ingest_telemetry to 2026-02-17 17:05:00+00:00, run_after=2026-02-17 17:10:00+00:00
[2026-02-17T17:07:07.618+0000] {processor.py:183} INFO - Processing /opt/airflow/dags/ingest_telemetry.py took 0.471 seconds
[2026-02-17T17:07:38.028+0000] {processor.py:161} INFO - Started process (PID=197) to work on /opt/airflow/dags/ingest_telemetry.py
[2026-02-17T17:07:38.030+0000] {processor.py:830} INFO - Processing file /opt/airflow/dags/ingest_telemetry.py for tasks to queue
[2026-02-17T17:07:38.032+0000] {logging_mixin.py:188} INFO - [2026-02-17T17:07:38.031+0000] {dagbag.py:538} INFO - Filling up the DagBag from /opt/airflow/dags/ingest_telemetry.py
[2026-02-17T17:07:38.631+0000] {processor.py:840} INFO - DAG(s) 'ingest_telemetry' retrieved from /opt/airflow/dags/ingest_telemetry.py
[2026-02-17T17:07:38.647+0000] {logging_mixin.py:188} INFO - [2026-02-17T17:07:38.646+0000] {dag.py:3036} INFO - Sync 1 DAGs
[2026-02-17T17:07:38.658+0000] {logging_mixin.py:188} INFO - [2026-02-17T17:07:38.658+0000] {dag.py:3823} INFO - Setting next_dagrun for ingest_telemetry to 2026-02-17 17:05:00+00:00, run_after=2026-02-17 17:10:00+00:00
[2026-02-17T17:07:38.669+0000] {processor.py:183} INFO - Processing /opt/airflow/dags/ingest_telemetry.py took 0.652 seconds
[2026-02-17T17:08:09.077+0000] {processor.py:161} INFO - Started process (PID=203) to work on /opt/airflow/dags/ingest_telemetry.py
[2026-02-17T17:08:09.078+0000] {processor.py:830} INFO - Processing file /opt/airflow/dags/ingest_telemetry.py for tasks to queue
[2026-02-17T17:08:09.080+0000] {logging_mixin.py:188} INFO - [2026-02-17T17:08:09.079+0000] {dagbag.py:538} INFO - Filling up the DagBag from /opt/airflow/dags/ingest_telemetry.py
[2026-02-17T17:08:09.508+0000] {processor.py:840} INFO - DAG(s) 'ingest_telemetry' retrieved from /opt/airflow/dags/ingest_telemetry.py
[2026-02-17T17:08:09.522+0000] {logging_mixin.py:188} INFO - [2026-02-17T17:08:09.522+0000] {dag.py:3036} INFO - Sync 1 DAGs
[2026-02-17T17:08:09.534+0000] {logging_mixin.py:188} INFO - [2026-02-17T17:08:09.533+0000] {dag.py:3823} INFO - Setting next_dagrun for ingest_telemetry to 2026-02-17 17:05:00+00:00, run_after=2026-02-17 17:10:00+00:00
[2026-02-17T17:08:09.541+0000] {processor.py:183} INFO - Processing /opt/airflow/dags/ingest_telemetry.py took 0.471 seconds
[2026-02-17T17:08:40.353+0000] {processor.py:161} INFO - Started process (PID=209) to work on /opt/airflow/dags/ingest_telemetry.py
[2026-02-17T17:08:40.355+0000] {processor.py:830} INFO - Processing file /opt/airflow/dags/ingest_telemetry.py for tasks to queue
[2026-02-17T17:08:40.357+0000] {logging_mixin.py:188} INFO - [2026-02-17T17:08:40.356+0000] {dagbag.py:538} INFO - Filling up the DagBag from /opt/airflow/dags/ingest_telemetry.py
[2026-02-17T17:08:41.928+0000] {processor.py:840} INFO - DAG(s) 'ingest_telemetry' retrieved from /opt/airflow/dags/ingest_telemetry.py
[2026-02-17T17:08:42.414+0000] {logging_mixin.py:188} INFO - [2026-02-17T17:08:42.389+0000] {dag.py:3036} INFO - Sync 1 DAGs
[2026-02-17T17:08:42.558+0000] {logging_mixin.py:188} INFO - [2026-02-17T17:08:42.558+0000] {dag.py:3823} INFO - Setting next_dagrun for ingest_telemetry to 2026-02-17 17:05:00+00:00, run_after=2026-02-17 17:10:00+00:00
[2026-02-17T17:08:42.704+0000] {processor.py:183} INFO - Processing /opt/airflow/dags/ingest_telemetry.py took 2.355 seconds
[2026-02-17T17:09:13.193+0000] {processor.py:161} INFO - Started process (PID=215) to work on /opt/airflow/dags/ingest_telemetry.py
[2026-02-17T17:09:13.195+0000] {processor.py:830} INFO - Processing file /opt/airflow/dags/ingest_telemetry.py for tasks to queue
[2026-02-17T17:09:13.196+0000] {logging_mixin.py:188} INFO - [2026-02-17T17:09:13.196+0000] {dagbag.py:538} INFO - Filling up the DagBag from /opt/airflow/dags/ingest_telemetry.py
[2026-02-17T17:09:13.638+0000] {processor.py:840} INFO - DAG(s) 'ingest_telemetry' retrieved from /opt/airflow/dags/ingest_telemetry.py
[2026-02-17T17:09:13.651+0000] {logging_mixin.py:188} INFO - [2026-02-17T17:09:13.651+0000] {dag.py:3036} INFO - Sync 1 DAGs
[2026-02-17T17:09:13.663+0000] {logging_mixin.py:188} INFO - [2026-02-17T17:09:13.663+0000] {dag.py:3823} INFO - Setting next_dagrun for ingest_telemetry to 2026-02-17 17:05:00+00:00, run_after=2026-02-17 17:10:00+00:00
[2026-02-17T17:09:13.672+0000] {processor.py:183} INFO - Processing /opt/airflow/dags/ingest_telemetry.py took 0.485 seconds
[2026-02-17T17:09:43.737+0000] {processor.py:161} INFO - Started process (PID=221) to work on /opt/airflow/dags/ingest_telemetry.py
[2026-02-17T17:09:43.738+0000] {processor.py:830} INFO - Processing file /opt/airflow/dags/ingest_telemetry.py for tasks to queue
[2026-02-17T17:09:43.740+0000] {logging_mixin.py:188} INFO - [2026-02-17T17:09:43.739+0000] {dagbag.py:538} INFO - Filling up the DagBag from /opt/airflow/dags/ingest_telemetry.py
[2026-02-17T17:09:44.184+0000] {processor.py:840} INFO - DAG(s) 'ingest_telemetry' retrieved from /opt/airflow/dags/ingest_telemetry.py
[2026-02-17T17:09:44.200+0000] {logging_mixin.py:188} INFO - [2026-02-17T17:09:44.199+0000] {dag.py:3036} INFO - Sync 1 DAGs
[2026-02-17T17:09:44.212+0000] {logging_mixin.py:188} INFO - [2026-02-17T17:09:44.212+0000] {dag.py:3823} INFO - Setting next_dagrun for ingest_telemetry to 2026-02-17 17:05:00+00:00, run_after=2026-02-17 17:10:00+00:00
[2026-02-17T17:09:44.221+0000] {processor.py:183} INFO - Processing /opt/airflow/dags/ingest_telemetry.py took 0.490 seconds
[2026-02-17T17:10:14.548+0000] {processor.py:161} INFO - Started process (PID=233) to work on /opt/airflow/dags/ingest_telemetry.py
[2026-02-17T17:10:14.549+0000] {processor.py:830} INFO - Processing file /opt/airflow/dags/ingest_telemetry.py for tasks to queue
[2026-02-17T17:10:14.550+0000] {logging_mixin.py:188} INFO - [2026-02-17T17:10:14.550+0000] {dagbag.py:538} INFO - Filling up the DagBag from /opt/airflow/dags/ingest_telemetry.py
[2026-02-17T17:10:14.978+0000] {processor.py:840} INFO - DAG(s) 'ingest_telemetry' retrieved from /opt/airflow/dags/ingest_telemetry.py
[2026-02-17T17:10:14.997+0000] {logging_mixin.py:188} INFO - [2026-02-17T17:10:14.997+0000] {dag.py:3036} INFO - Sync 1 DAGs
[2026-02-17T17:10:15.012+0000] {logging_mixin.py:188} INFO - [2026-02-17T17:10:15.012+0000] {dag.py:3823} INFO - Setting next_dagrun for ingest_telemetry to 2026-02-17 17:10:00+00:00, run_after=2026-02-17 17:15:00+00:00
[2026-02-17T17:10:15.024+0000] {processor.py:183} INFO - Processing /opt/airflow/dags/ingest_telemetry.py took 0.479 seconds
[2026-02-17T17:10:45.407+0000] {processor.py:161} INFO - Started process (PID=239) to work on /opt/airflow/dags/ingest_telemetry.py
[2026-02-17T17:10:45.409+0000] {processor.py:830} INFO - Processing file /opt/airflow/dags/ingest_telemetry.py for tasks to queue
[2026-02-17T17:10:45.410+0000] {logging_mixin.py:188} INFO - [2026-02-17T17:10:45.409+0000] {dagbag.py:538} INFO - Filling up the DagBag from /opt/airflow/dags/ingest_telemetry.py
[2026-02-17T17:10:45.996+0000] {processor.py:840} INFO - DAG(s) 'ingest_telemetry' retrieved from /opt/airflow/dags/ingest_telemetry.py
[2026-02-17T17:10:46.024+0000] {logging_mixin.py:188} INFO - [2026-02-17T17:10:46.023+0000] {dag.py:3036} INFO - Sync 1 DAGs
[2026-02-17T17:10:46.037+0000] {logging_mixin.py:188} INFO - [2026-02-17T17:10:46.037+0000] {dag.py:3823} INFO - Setting next_dagrun for ingest_telemetry to 2026-02-17 17:10:00+00:00, run_after=2026-02-17 17:15:00+00:00
[2026-02-17T17:10:46.048+0000] {processor.py:183} INFO - Processing /opt/airflow/dags/ingest_telemetry.py took 0.655 seconds
[2026-02-17T17:11:16.265+0000] {processor.py:161} INFO - Started process (PID=245) to work on /opt/airflow/dags/ingest_telemetry.py
[2026-02-17T17:11:16.266+0000] {processor.py:830} INFO - Processing file /opt/airflow/dags/ingest_telemetry.py for tasks to queue
[2026-02-17T17:11:16.267+0000] {logging_mixin.py:188} INFO - [2026-02-17T17:11:16.267+0000] {dagbag.py:538} INFO - Filling up the DagBag from /opt/airflow/dags/ingest_telemetry.py
[2026-02-17T17:11:17.091+0000] {processor.py:840} INFO - DAG(s) 'ingest_telemetry' retrieved from /opt/airflow/dags/ingest_telemetry.py
[2026-02-17T17:11:17.115+0000] {logging_mixin.py:188} INFO - [2026-02-17T17:11:17.115+0000] {dag.py:3036} INFO - Sync 1 DAGs
[2026-02-17T17:11:17.129+0000] {logging_mixin.py:188} INFO - [2026-02-17T17:11:17.129+0000] {dag.py:3823} INFO - Setting next_dagrun for ingest_telemetry to 2026-02-17 17:10:00+00:00, run_after=2026-02-17 17:15:00+00:00
[2026-02-17T17:11:17.140+0000] {processor.py:183} INFO - Processing /opt/airflow/dags/ingest_telemetry.py took 0.881 seconds
[2026-02-17T17:11:47.927+0000] {processor.py:161} INFO - Started process (PID=251) to work on /opt/airflow/dags/ingest_telemetry.py
[2026-02-17T17:11:47.929+0000] {processor.py:830} INFO - Processing file /opt/airflow/dags/ingest_telemetry.py for tasks to queue
[2026-02-17T17:11:47.931+0000] {logging_mixin.py:188} INFO - [2026-02-17T17:11:47.931+0000] {dagbag.py:538} INFO - Filling up the DagBag from /opt/airflow/dags/ingest_telemetry.py
[2026-02-17T17:11:48.524+0000] {processor.py:840} INFO - DAG(s) 'ingest_telemetry' retrieved from /opt/airflow/dags/ingest_telemetry.py
[2026-02-17T17:11:48.541+0000] {logging_mixin.py:188} INFO - [2026-02-17T17:11:48.540+0000] {dag.py:3036} INFO - Sync 1 DAGs
[2026-02-17T17:11:48.557+0000] {logging_mixin.py:188} INFO - [2026-02-17T17:11:48.557+0000] {dag.py:3823} INFO - Setting next_dagrun for ingest_telemetry to 2026-02-17 17:10:00+00:00, run_after=2026-02-17 17:15:00+00:00
[2026-02-17T17:11:48.566+0000] {processor.py:183} INFO - Processing /opt/airflow/dags/ingest_telemetry.py took 0.649 seconds
[2026-02-17T17:12:18.924+0000] {processor.py:161} INFO - Started process (PID=263) to work on /opt/airflow/dags/ingest_telemetry.py
[2026-02-17T17:12:18.926+0000] {processor.py:830} INFO - Processing file /opt/airflow/dags/ingest_telemetry.py for tasks to queue
[2026-02-17T17:12:18.927+0000] {logging_mixin.py:188} INFO - [2026-02-17T17:12:18.927+0000] {dagbag.py:538} INFO - Filling up the DagBag from /opt/airflow/dags/ingest_telemetry.py
[2026-02-17T17:12:19.275+0000] {processor.py:840} INFO - DAG(s) 'ingest_telemetry' retrieved from /opt/airflow/dags/ingest_telemetry.py
[2026-02-17T17:12:19.287+0000] {logging_mixin.py:188} INFO - [2026-02-17T17:12:19.287+0000] {dag.py:3036} INFO - Sync 1 DAGs
[2026-02-17T17:12:19.298+0000] {logging_mixin.py:188} INFO - [2026-02-17T17:12:19.298+0000] {dag.py:3823} INFO - Setting next_dagrun for ingest_telemetry to 2026-02-17 17:10:00+00:00, run_after=2026-02-17 17:15:00+00:00
[2026-02-17T17:12:19.306+0000] {processor.py:183} INFO - Processing /opt/airflow/dags/ingest_telemetry.py took 0.389 seconds
[2026-02-17T17:12:49.941+0000] {processor.py:161} INFO - Started process (PID=269) to work on /opt/airflow/dags/ingest_telemetry.py
[2026-02-17T17:12:49.954+0000] {processor.py:830} INFO - Processing file /opt/airflow/dags/ingest_telemetry.py for tasks to queue
[2026-02-17T17:12:49.956+0000] {logging_mixin.py:188} INFO - [2026-02-17T17:12:49.955+0000] {dagbag.py:538} INFO - Filling up the DagBag from /opt/airflow/dags/ingest_telemetry.py
[2026-02-17T17:12:52.664+0000] {processor.py:840} INFO - DAG(s) 'ingest_telemetry' retrieved from /opt/airflow/dags/ingest_telemetry.py
[2026-02-17T17:12:52.780+0000] {logging_mixin.py:188} INFO - [2026-02-17T17:12:52.778+0000] {dag.py:3036} INFO - Sync 1 DAGs
[2026-02-17T17:12:52.805+0000] {logging_mixin.py:188} INFO - [2026-02-17T17:12:52.805+0000] {dag.py:3823} INFO - Setting next_dagrun for ingest_telemetry to 2026-02-17 17:10:00+00:00, run_after=2026-02-17 17:15:00+00:00
[2026-02-17T17:12:52.821+0000] {processor.py:183} INFO - Processing /opt/airflow/dags/ingest_telemetry.py took 2.946 seconds
[2026-02-17T17:13:23.896+0000] {processor.py:161} INFO - Started process (PID=275) to work on /opt/airflow/dags/ingest_telemetry.py
[2026-02-17T17:13:23.898+0000] {processor.py:830} INFO - Processing file /opt/airflow/dags/ingest_telemetry.py for tasks to queue
[2026-02-17T17:13:23.899+0000] {logging_mixin.py:188} INFO - [2026-02-17T17:13:23.899+0000] {dagbag.py:538} INFO - Filling up the DagBag from /opt/airflow/dags/ingest_telemetry.py
[2026-02-17T17:13:24.461+0000] {processor.py:840} INFO - DAG(s) 'ingest_telemetry' retrieved from /opt/airflow/dags/ingest_telemetry.py
[2026-02-17T17:13:24.480+0000] {logging_mixin.py:188} INFO - [2026-02-17T17:13:24.480+0000] {dag.py:3036} INFO - Sync 1 DAGs
[2026-02-17T17:13:24.495+0000] {logging_mixin.py:188} INFO - [2026-02-17T17:13:24.495+0000] {dag.py:3823} INFO - Setting next_dagrun for ingest_telemetry to 2026-02-17 17:10:00+00:00, run_after=2026-02-17 17:15:00+00:00
[2026-02-17T17:13:24.504+0000] {processor.py:183} INFO - Processing /opt/airflow/dags/ingest_telemetry.py took 0.616 seconds
[2026-02-17T17:13:54.864+0000] {processor.py:161} INFO - Started process (PID=281) to work on /opt/airflow/dags/ingest_telemetry.py
[2026-02-17T17:13:54.866+0000] {processor.py:830} INFO - Processing file /opt/airflow/dags/ingest_telemetry.py for tasks to queue
[2026-02-17T17:13:54.868+0000] {logging_mixin.py:188} INFO - [2026-02-17T17:13:54.867+0000] {dagbag.py:538} INFO - Filling up the DagBag from /opt/airflow/dags/ingest_telemetry.py
[2026-02-17T17:13:55.322+0000] {processor.py:840} INFO - DAG(s) 'ingest_telemetry' retrieved from /opt/airflow/dags/ingest_telemetry.py
[2026-02-17T17:13:55.343+0000] {logging_mixin.py:188} INFO - [2026-02-17T17:13:55.343+0000] {dag.py:3036} INFO - Sync 1 DAGs
[2026-02-17T17:13:55.354+0000] {logging_mixin.py:188} INFO - [2026-02-17T17:13:55.354+0000] {dag.py:3823} INFO - Setting next_dagrun for ingest_telemetry to 2026-02-17 17:10:00+00:00, run_after=2026-02-17 17:15:00+00:00
[2026-02-17T17:13:55.363+0000] {processor.py:183} INFO - Processing /opt/airflow/dags/ingest_telemetry.py took 0.508 seconds
[2026-02-17T17:14:25.619+0000] {processor.py:161} INFO - Started process (PID=287) to work on /opt/airflow/dags/ingest_telemetry.py
[2026-02-17T17:14:25.621+0000] {processor.py:830} INFO - Processing file /opt/airflow/dags/ingest_telemetry.py for tasks to queue
[2026-02-17T17:14:25.622+0000] {logging_mixin.py:188} INFO - [2026-02-17T17:14:25.622+0000] {dagbag.py:538} INFO - Filling up the DagBag from /opt/airflow/dags/ingest_telemetry.py
[2026-02-17T17:14:26.080+0000] {processor.py:840} INFO - DAG(s) 'ingest_telemetry' retrieved from /opt/airflow/dags/ingest_telemetry.py
[2026-02-17T17:14:26.096+0000] {logging_mixin.py:188} INFO - [2026-02-17T17:14:26.096+0000] {dag.py:3036} INFO - Sync 1 DAGs
[2026-02-17T17:14:26.116+0000] {logging_mixin.py:188} INFO - [2026-02-17T17:14:26.116+0000] {dag.py:3823} INFO - Setting next_dagrun for ingest_telemetry to 2026-02-17 17:10:00+00:00, run_after=2026-02-17 17:15:00+00:00
[2026-02-17T17:14:26.124+0000] {processor.py:183} INFO - Processing /opt/airflow/dags/ingest_telemetry.py took 0.519 seconds
[2026-02-17T17:14:56.470+0000] {processor.py:161} INFO - Started process (PID=293) to work on /opt/airflow/dags/ingest_telemetry.py
[2026-02-17T17:14:56.472+0000] {processor.py:830} INFO - Processing file /opt/airflow/dags/ingest_telemetry.py for tasks to queue
[2026-02-17T17:14:56.473+0000] {logging_mixin.py:188} INFO - [2026-02-17T17:14:56.473+0000] {dagbag.py:538} INFO - Filling up the DagBag from /opt/airflow/dags/ingest_telemetry.py
[2026-02-17T17:14:56.890+0000] {processor.py:840} INFO - DAG(s) 'ingest_telemetry' retrieved from /opt/airflow/dags/ingest_telemetry.py
[2026-02-17T17:14:56.904+0000] {logging_mixin.py:188} INFO - [2026-02-17T17:14:56.903+0000] {dag.py:3036} INFO - Sync 1 DAGs
[2026-02-17T17:14:56.915+0000] {logging_mixin.py:188} INFO - [2026-02-17T17:14:56.915+0000] {dag.py:3823} INFO - Setting next_dagrun for ingest_telemetry to 2026-02-17 17:10:00+00:00, run_after=2026-02-17 17:15:00+00:00
[2026-02-17T17:14:56.923+0000] {processor.py:183} INFO - Processing /opt/airflow/dags/ingest_telemetry.py took 0.461 seconds
[2026-02-17T17:15:27.263+0000] {processor.py:161} INFO - Started process (PID=305) to work on /opt/airflow/dags/ingest_telemetry.py
[2026-02-17T17:15:27.265+0000] {processor.py:830} INFO - Processing file /opt/airflow/dags/ingest_telemetry.py for tasks to queue
[2026-02-17T17:15:27.268+0000] {logging_mixin.py:188} INFO - [2026-02-17T17:15:27.267+0000] {dagbag.py:538} INFO - Filling up the DagBag from /opt/airflow/dags/ingest_telemetry.py
[2026-02-17T17:15:27.740+0000] {processor.py:840} INFO - DAG(s) 'ingest_telemetry' retrieved from /opt/airflow/dags/ingest_telemetry.py
[2026-02-17T17:15:27.754+0000] {logging_mixin.py:188} INFO - [2026-02-17T17:15:27.754+0000] {dag.py:3036} INFO - Sync 1 DAGs
[2026-02-17T17:15:27.772+0000] {logging_mixin.py:188} INFO - [2026-02-17T17:15:27.772+0000] {dag.py:3823} INFO - Setting next_dagrun for ingest_telemetry to 2026-02-17 17:15:00+00:00, run_after=2026-02-17 17:20:00+00:00
[2026-02-17T17:15:27.782+0000] {processor.py:183} INFO - Processing /opt/airflow/dags/ingest_telemetry.py took 0.525 seconds
[2026-02-17T17:15:58.142+0000] {processor.py:161} INFO - Started process (PID=311) to work on /opt/airflow/dags/ingest_telemetry.py
[2026-02-17T17:15:58.144+0000] {processor.py:830} INFO - Processing file /opt/airflow/dags/ingest_telemetry.py for tasks to queue
[2026-02-17T17:15:58.146+0000] {logging_mixin.py:188} INFO - [2026-02-17T17:15:58.145+0000] {dagbag.py:538} INFO - Filling up the DagBag from /opt/airflow/dags/ingest_telemetry.py
[2026-02-17T17:15:58.524+0000] {processor.py:840} INFO - DAG(s) 'ingest_telemetry' retrieved from /opt/airflow/dags/ingest_telemetry.py
[2026-02-17T17:15:58.536+0000] {logging_mixin.py:188} INFO - [2026-02-17T17:15:58.535+0000] {dag.py:3036} INFO - Sync 1 DAGs
[2026-02-17T17:15:58.547+0000] {logging_mixin.py:188} INFO - [2026-02-17T17:15:58.547+0000] {dag.py:3823} INFO - Setting next_dagrun for ingest_telemetry to 2026-02-17 17:15:00+00:00, run_after=2026-02-17 17:20:00+00:00
[2026-02-17T17:15:58.554+0000] {processor.py:183} INFO - Processing /opt/airflow/dags/ingest_telemetry.py took 0.418 seconds
[2026-02-17T17:16:28.616+0000] {processor.py:161} INFO - Started process (PID=317) to work on /opt/airflow/dags/ingest_telemetry.py
[2026-02-17T17:16:28.619+0000] {processor.py:830} INFO - Processing file /opt/airflow/dags/ingest_telemetry.py for tasks to queue
[2026-02-17T17:16:28.621+0000] {logging_mixin.py:188} INFO - [2026-02-17T17:16:28.620+0000] {dagbag.py:538} INFO - Filling up the DagBag from /opt/airflow/dags/ingest_telemetry.py
[2026-02-17T17:16:29.114+0000] {processor.py:840} INFO - DAG(s) 'ingest_telemetry' retrieved from /opt/airflow/dags/ingest_telemetry.py
[2026-02-17T17:16:29.128+0000] {logging_mixin.py:188} INFO - [2026-02-17T17:16:29.128+0000] {dag.py:3036} INFO - Sync 1 DAGs
[2026-02-17T17:16:29.139+0000] {logging_mixin.py:188} INFO - [2026-02-17T17:16:29.138+0000] {dag.py:3823} INFO - Setting next_dagrun for ingest_telemetry to 2026-02-17 17:15:00+00:00, run_after=2026-02-17 17:20:00+00:00
[2026-02-17T17:16:29.146+0000] {processor.py:183} INFO - Processing /opt/airflow/dags/ingest_telemetry.py took 0.539 seconds
[2026-02-17T17:16:59.214+0000] {processor.py:161} INFO - Started process (PID=323) to work on /opt/airflow/dags/ingest_telemetry.py
[2026-02-17T17:16:59.216+0000] {processor.py:830} INFO - Processing file /opt/airflow/dags/ingest_telemetry.py for tasks to queue
[2026-02-17T17:16:59.217+0000] {logging_mixin.py:188} INFO - [2026-02-17T17:16:59.216+0000] {dagbag.py:538} INFO - Filling up the DagBag from /opt/airflow/dags/ingest_telemetry.py
[2026-02-17T17:16:59.513+0000] {processor.py:840} INFO - DAG(s) 'ingest_telemetry' retrieved from /opt/airflow/dags/ingest_telemetry.py
[2026-02-17T17:16:59.524+0000] {logging_mixin.py:188} INFO - [2026-02-17T17:16:59.524+0000] {dag.py:3036} INFO - Sync 1 DAGs
[2026-02-17T17:16:59.534+0000] {logging_mixin.py:188} INFO - [2026-02-17T17:16:59.534+0000] {dag.py:3823} INFO - Setting next_dagrun for ingest_telemetry to 2026-02-17 17:15:00+00:00, run_after=2026-02-17 17:20:00+00:00
[2026-02-17T17:16:59.542+0000] {processor.py:183} INFO - Processing /opt/airflow/dags/ingest_telemetry.py took 0.332 seconds
[2026-02-17T17:17:29.892+0000] {processor.py:161} INFO - Started process (PID=329) to work on /opt/airflow/dags/ingest_telemetry.py
[2026-02-17T17:17:29.893+0000] {processor.py:830} INFO - Processing file /opt/airflow/dags/ingest_telemetry.py for tasks to queue
[2026-02-17T17:17:29.895+0000] {logging_mixin.py:188} INFO - [2026-02-17T17:17:29.894+0000] {dagbag.py:538} INFO - Filling up the DagBag from /opt/airflow/dags/ingest_telemetry.py
[2026-02-17T17:17:30.332+0000] {processor.py:840} INFO - DAG(s) 'ingest_telemetry' retrieved from /opt/airflow/dags/ingest_telemetry.py
[2026-02-17T17:17:30.348+0000] {logging_mixin.py:188} INFO - [2026-02-17T17:17:30.347+0000] {dag.py:3036} INFO - Sync 1 DAGs
[2026-02-17T17:17:30.358+0000] {logging_mixin.py:188} INFO - [2026-02-17T17:17:30.358+0000] {dag.py:3823} INFO - Setting next_dagrun for ingest_telemetry to 2026-02-17 17:15:00+00:00, run_after=2026-02-17 17:20:00+00:00
[2026-02-17T17:17:30.366+0000] {processor.py:183} INFO - Processing /opt/airflow/dags/ingest_telemetry.py took 0.480 seconds
[2026-02-17T17:18:00.756+0000] {processor.py:161} INFO - Started process (PID=335) to work on /opt/airflow/dags/ingest_telemetry.py
[2026-02-17T17:18:00.758+0000] {processor.py:830} INFO - Processing file /opt/airflow/dags/ingest_telemetry.py for tasks to queue
[2026-02-17T17:18:00.759+0000] {logging_mixin.py:188} INFO - [2026-02-17T17:18:00.759+0000] {dagbag.py:538} INFO - Filling up the DagBag from /opt/airflow/dags/ingest_telemetry.py
[2026-02-17T17:18:01.038+0000] {processor.py:840} INFO - DAG(s) 'ingest_telemetry' retrieved from /opt/airflow/dags/ingest_telemetry.py
[2026-02-17T17:18:01.049+0000] {logging_mixin.py:188} INFO - [2026-02-17T17:18:01.049+0000] {dag.py:3036} INFO - Sync 1 DAGs
[2026-02-17T17:18:01.058+0000] {logging_mixin.py:188} INFO - [2026-02-17T17:18:01.058+0000] {dag.py:3823} INFO - Setting next_dagrun for ingest_telemetry to 2026-02-17 17:15:00+00:00, run_after=2026-02-17 17:20:00+00:00
[2026-02-17T17:18:01.065+0000] {processor.py:183} INFO - Processing /opt/airflow/dags/ingest_telemetry.py took 0.314 seconds
[2026-02-17T17:18:31.229+0000] {processor.py:161} INFO - Started process (PID=344) to work on /opt/airflow/dags/ingest_telemetry.py
[2026-02-17T17:18:31.231+0000] {processor.py:830} INFO - Processing file /opt/airflow/dags/ingest_telemetry.py for tasks to queue
[2026-02-17T17:18:31.232+0000] {logging_mixin.py:188} INFO - [2026-02-17T17:18:31.232+0000] {dagbag.py:538} INFO - Filling up the DagBag from /opt/airflow/dags/ingest_telemetry.py
[2026-02-17T17:18:31.578+0000] {processor.py:840} INFO - DAG(s) 'ingest_telemetry' retrieved from /opt/airflow/dags/ingest_telemetry.py
[2026-02-17T17:18:31.589+0000] {logging_mixin.py:188} INFO - [2026-02-17T17:18:31.589+0000] {dag.py:3036} INFO - Sync 1 DAGs
[2026-02-17T17:18:31.599+0000] {logging_mixin.py:188} INFO - [2026-02-17T17:18:31.599+0000] {dag.py:3823} INFO - Setting next_dagrun for ingest_telemetry to 2026-02-17 17:15:00+00:00, run_after=2026-02-17 17:20:00+00:00
[2026-02-17T17:18:31.607+0000] {processor.py:183} INFO - Processing /opt/airflow/dags/ingest_telemetry.py took 0.383 seconds
[2026-02-17T17:19:01.713+0000] {processor.py:161} INFO - Started process (PID=350) to work on /opt/airflow/dags/ingest_telemetry.py
[2026-02-17T17:19:01.715+0000] {processor.py:830} INFO - Processing file /opt/airflow/dags/ingest_telemetry.py for tasks to queue
[2026-02-17T17:19:01.716+0000] {logging_mixin.py:188} INFO - [2026-02-17T17:19:01.716+0000] {dagbag.py:538} INFO - Filling up the DagBag from /opt/airflow/dags/ingest_telemetry.py
[2026-02-17T17:19:02.044+0000] {processor.py:840} INFO - DAG(s) 'ingest_telemetry' retrieved from /opt/airflow/dags/ingest_telemetry.py
[2026-02-17T17:19:02.055+0000] {logging_mixin.py:188} INFO - [2026-02-17T17:19:02.055+0000] {dag.py:3036} INFO - Sync 1 DAGs
[2026-02-17T17:19:02.066+0000] {logging_mixin.py:188} INFO - [2026-02-17T17:19:02.066+0000] {dag.py:3823} INFO - Setting next_dagrun for ingest_telemetry to 2026-02-17 17:15:00+00:00, run_after=2026-02-17 17:20:00+00:00
[2026-02-17T17:19:02.074+0000] {processor.py:183} INFO - Processing /opt/airflow/dags/ingest_telemetry.py took 0.367 seconds
[2026-02-17T17:19:32.330+0000] {processor.py:161} INFO - Started process (PID=356) to work on /opt/airflow/dags/ingest_telemetry.py
[2026-02-17T17:19:32.331+0000] {processor.py:830} INFO - Processing file /opt/airflow/dags/ingest_telemetry.py for tasks to queue
[2026-02-17T17:19:32.333+0000] {logging_mixin.py:188} INFO - [2026-02-17T17:19:32.332+0000] {dagbag.py:538} INFO - Filling up the DagBag from /opt/airflow/dags/ingest_telemetry.py
[2026-02-17T17:19:32.691+0000] {processor.py:840} INFO - DAG(s) 'ingest_telemetry' retrieved from /opt/airflow/dags/ingest_telemetry.py
[2026-02-17T17:19:32.705+0000] {logging_mixin.py:188} INFO - [2026-02-17T17:19:32.705+0000] {dag.py:3036} INFO - Sync 1 DAGs
[2026-02-17T17:19:32.716+0000] {logging_mixin.py:188} INFO - [2026-02-17T17:19:32.715+0000] {dag.py:3823} INFO - Setting next_dagrun for ingest_telemetry to 2026-02-17 17:15:00+00:00, run_after=2026-02-17 17:20:00+00:00
[2026-02-17T17:19:32.723+0000] {processor.py:183} INFO - Processing /opt/airflow/dags/ingest_telemetry.py took 0.397 seconds
[2026-02-17T17:20:03.051+0000] {processor.py:161} INFO - Started process (PID=368) to work on /opt/airflow/dags/ingest_telemetry.py
[2026-02-17T17:20:03.051+0000] {processor.py:830} INFO - Processing file /opt/airflow/dags/ingest_telemetry.py for tasks to queue
[2026-02-17T17:20:03.052+0000] {logging_mixin.py:188} INFO - [2026-02-17T17:20:03.052+0000] {dagbag.py:538} INFO - Filling up the DagBag from /opt/airflow/dags/ingest_telemetry.py
[2026-02-17T17:20:03.369+0000] {processor.py:840} INFO - DAG(s) 'ingest_telemetry' retrieved from /opt/airflow/dags/ingest_telemetry.py
[2026-02-17T17:20:03.381+0000] {logging_mixin.py:188} INFO - [2026-02-17T17:20:03.381+0000] {dag.py:3036} INFO - Sync 1 DAGs
[2026-02-17T17:20:03.392+0000] {logging_mixin.py:188} INFO - [2026-02-17T17:20:03.392+0000] {dag.py:3823} INFO - Setting next_dagrun for ingest_telemetry to 2026-02-17 17:20:00+00:00, run_after=2026-02-17 17:25:00+00:00
[2026-02-17T17:20:03.399+0000] {processor.py:183} INFO - Processing /opt/airflow/dags/ingest_telemetry.py took 0.351 seconds
[2026-02-17T17:20:33.795+0000] {processor.py:161} INFO - Started process (PID=374) to work on /opt/airflow/dags/ingest_telemetry.py
[2026-02-17T17:20:33.798+0000] {processor.py:830} INFO - Processing file /opt/airflow/dags/ingest_telemetry.py for tasks to queue
[2026-02-17T17:20:33.799+0000] {logging_mixin.py:188} INFO - [2026-02-17T17:20:33.798+0000] {dagbag.py:538} INFO - Filling up the DagBag from /opt/airflow/dags/ingest_telemetry.py
[2026-02-17T17:20:34.238+0000] {processor.py:840} INFO - DAG(s) 'ingest_telemetry' retrieved from /opt/airflow/dags/ingest_telemetry.py
[2026-02-17T17:20:34.253+0000] {logging_mixin.py:188} INFO - [2026-02-17T17:20:34.253+0000] {dag.py:3036} INFO - Sync 1 DAGs
[2026-02-17T17:20:34.264+0000] {logging_mixin.py:188} INFO - [2026-02-17T17:20:34.264+0000] {dag.py:3823} INFO - Setting next_dagrun for ingest_telemetry to 2026-02-17 17:20:00+00:00, run_after=2026-02-17 17:25:00+00:00
[2026-02-17T17:20:34.273+0000] {processor.py:183} INFO - Processing /opt/airflow/dags/ingest_telemetry.py took 0.484 seconds
[2026-02-17T17:21:04.716+0000] {processor.py:161} INFO - Started process (PID=380) to work on /opt/airflow/dags/ingest_telemetry.py
[2026-02-17T17:21:04.717+0000] {processor.py:830} INFO - Processing file /opt/airflow/dags/ingest_telemetry.py for tasks to queue
[2026-02-17T17:21:04.718+0000] {logging_mixin.py:188} INFO - [2026-02-17T17:21:04.718+0000] {dagbag.py:538} INFO - Filling up the DagBag from /opt/airflow/dags/ingest_telemetry.py
[2026-02-17T17:21:04.992+0000] {processor.py:840} INFO - DAG(s) 'ingest_telemetry' retrieved from /opt/airflow/dags/ingest_telemetry.py
[2026-02-17T17:21:05.004+0000] {logging_mixin.py:188} INFO - [2026-02-17T17:21:05.003+0000] {dag.py:3036} INFO - Sync 1 DAGs
[2026-02-17T17:21:05.014+0000] {logging_mixin.py:188} INFO - [2026-02-17T17:21:05.014+0000] {dag.py:3823} INFO - Setting next_dagrun for ingest_telemetry to 2026-02-17 17:20:00+00:00, run_after=2026-02-17 17:25:00+00:00
[2026-02-17T17:21:05.022+0000] {processor.py:183} INFO - Processing /opt/airflow/dags/ingest_telemetry.py took 0.310 seconds
[2026-02-17T17:21:35.122+0000] {processor.py:161} INFO - Started process (PID=386) to work on /opt/airflow/dags/ingest_telemetry.py
[2026-02-17T17:21:35.126+0000] {processor.py:830} INFO - Processing file /opt/airflow/dags/ingest_telemetry.py for tasks to queue
[2026-02-17T17:21:35.127+0000] {logging_mixin.py:188} INFO - [2026-02-17T17:21:35.126+0000] {dagbag.py:538} INFO - Filling up the DagBag from /opt/airflow/dags/ingest_telemetry.py
[2026-02-17T17:21:35.548+0000] {processor.py:840} INFO - DAG(s) 'ingest_telemetry' retrieved from /opt/airflow/dags/ingest_telemetry.py
[2026-02-17T17:21:35.561+0000] {logging_mixin.py:188} INFO - [2026-02-17T17:21:35.561+0000] {dag.py:3036} INFO - Sync 1 DAGs
[2026-02-17T17:21:35.572+0000] {logging_mixin.py:188} INFO - [2026-02-17T17:21:35.572+0000] {dag.py:3823} INFO - Setting next_dagrun for ingest_telemetry to 2026-02-17 17:20:00+00:00, run_after=2026-02-17 17:25:00+00:00
[2026-02-17T17:21:35.579+0000] {processor.py:183} INFO - Processing /opt/airflow/dags/ingest_telemetry.py took 0.463 seconds
[2026-02-17T17:22:05.819+0000] {processor.py:161} INFO - Started process (PID=392) to work on /opt/airflow/dags/ingest_telemetry.py
[2026-02-17T17:22:05.821+0000] {processor.py:830} INFO - Processing file /opt/airflow/dags/ingest_telemetry.py for tasks to queue
[2026-02-17T17:22:05.822+0000] {logging_mixin.py:188} INFO - [2026-02-17T17:22:05.822+0000] {dagbag.py:538} INFO - Filling up the DagBag from /opt/airflow/dags/ingest_telemetry.py
[2026-02-17T17:22:06.096+0000] {processor.py:840} INFO - DAG(s) 'ingest_telemetry' retrieved from /opt/airflow/dags/ingest_telemetry.py
[2026-02-17T17:22:06.106+0000] {logging_mixin.py:188} INFO - [2026-02-17T17:22:06.106+0000] {dag.py:3036} INFO - Sync 1 DAGs
[2026-02-17T17:22:06.116+0000] {logging_mixin.py:188} INFO - [2026-02-17T17:22:06.116+0000] {dag.py:3823} INFO - Setting next_dagrun for ingest_telemetry to 2026-02-17 17:20:00+00:00, run_after=2026-02-17 17:25:00+00:00
[2026-02-17T17:22:06.123+0000] {processor.py:183} INFO - Processing /opt/airflow/dags/ingest_telemetry.py took 0.309 seconds
[2026-02-17T17:22:36.264+0000] {processor.py:161} INFO - Started process (PID=401) to work on /opt/airflow/dags/ingest_telemetry.py
[2026-02-17T17:22:36.266+0000] {processor.py:830} INFO - Processing file /opt/airflow/dags/ingest_telemetry.py for tasks to queue
[2026-02-17T17:22:36.267+0000] {logging_mixin.py:188} INFO - [2026-02-17T17:22:36.266+0000] {dagbag.py:538} INFO - Filling up the DagBag from /opt/airflow/dags/ingest_telemetry.py
[2026-02-17T17:22:36.687+0000] {processor.py:840} INFO - DAG(s) 'ingest_telemetry' retrieved from /opt/airflow/dags/ingest_telemetry.py
[2026-02-17T17:22:36.700+0000] {logging_mixin.py:188} INFO - [2026-02-17T17:22:36.700+0000] {dag.py:3036} INFO - Sync 1 DAGs
[2026-02-17T17:22:36.713+0000] {logging_mixin.py:188} INFO - [2026-02-17T17:22:36.713+0000] {dag.py:3823} INFO - Setting next_dagrun for ingest_telemetry to 2026-02-17 17:20:00+00:00, run_after=2026-02-17 17:25:00+00:00
[2026-02-17T17:22:36.722+0000] {processor.py:183} INFO - Processing /opt/airflow/dags/ingest_telemetry.py took 0.463 seconds
[2026-02-17T17:23:06.893+0000] {processor.py:161} INFO - Started process (PID=407) to work on /opt/airflow/dags/ingest_telemetry.py
[2026-02-17T17:23:06.896+0000] {processor.py:830} INFO - Processing file /opt/airflow/dags/ingest_telemetry.py for tasks to queue
[2026-02-17T17:23:06.897+0000] {logging_mixin.py:188} INFO - [2026-02-17T17:23:06.896+0000] {dagbag.py:538} INFO - Filling up the DagBag from /opt/airflow/dags/ingest_telemetry.py
[2026-02-17T17:23:07.164+0000] {processor.py:840} INFO - DAG(s) 'ingest_telemetry' retrieved from /opt/airflow/dags/ingest_telemetry.py
[2026-02-17T17:23:07.174+0000] {logging_mixin.py:188} INFO - [2026-02-17T17:23:07.173+0000] {dag.py:3036} INFO - Sync 1 DAGs
[2026-02-17T17:23:07.183+0000] {logging_mixin.py:188} INFO - [2026-02-17T17:23:07.183+0000] {dag.py:3823} INFO - Setting next_dagrun for ingest_telemetry to 2026-02-17 17:20:00+00:00, run_after=2026-02-17 17:25:00+00:00
[2026-02-17T17:23:07.191+0000] {processor.py:183} INFO - Processing /opt/airflow/dags/ingest_telemetry.py took 0.303 seconds
[2026-02-17T17:23:37.558+0000] {processor.py:161} INFO - Started process (PID=413) to work on /opt/airflow/dags/ingest_telemetry.py
[2026-02-17T17:23:37.561+0000] {processor.py:830} INFO - Processing file /opt/airflow/dags/ingest_telemetry.py for tasks to queue
[2026-02-17T17:23:37.569+0000] {logging_mixin.py:188} INFO - [2026-02-17T17:23:37.568+0000] {dagbag.py:538} INFO - Filling up the DagBag from /opt/airflow/dags/ingest_telemetry.py
[2026-02-17T17:23:37.987+0000] {processor.py:840} INFO - DAG(s) 'ingest_telemetry' retrieved from /opt/airflow/dags/ingest_telemetry.py
[2026-02-17T17:23:37.999+0000] {logging_mixin.py:188} INFO - [2026-02-17T17:23:37.999+0000] {dag.py:3036} INFO - Sync 1 DAGs
[2026-02-17T17:23:38.010+0000] {logging_mixin.py:188} INFO - [2026-02-17T17:23:38.009+0000] {dag.py:3823} INFO - Setting next_dagrun for ingest_telemetry to 2026-02-17 17:20:00+00:00, run_after=2026-02-17 17:25:00+00:00
[2026-02-17T17:23:38.017+0000] {processor.py:183} INFO - Processing /opt/airflow/dags/ingest_telemetry.py took 0.464 seconds
[2026-02-17T17:24:08.375+0000] {processor.py:161} INFO - Started process (PID=419) to work on /opt/airflow/dags/ingest_telemetry.py
[2026-02-17T17:24:08.377+0000] {processor.py:830} INFO - Processing file /opt/airflow/dags/ingest_telemetry.py for tasks to queue
[2026-02-17T17:24:08.378+0000] {logging_mixin.py:188} INFO - [2026-02-17T17:24:08.378+0000] {dagbag.py:538} INFO - Filling up the DagBag from /opt/airflow/dags/ingest_telemetry.py
[2026-02-17T17:24:08.665+0000] {processor.py:840} INFO - DAG(s) 'ingest_telemetry' retrieved from /opt/airflow/dags/ingest_telemetry.py
[2026-02-17T17:24:08.675+0000] {logging_mixin.py:188} INFO - [2026-02-17T17:24:08.675+0000] {dag.py:3036} INFO - Sync 1 DAGs
[2026-02-17T17:24:08.685+0000] {logging_mixin.py:188} INFO - [2026-02-17T17:24:08.685+0000] {dag.py:3823} INFO - Setting next_dagrun for ingest_telemetry to 2026-02-17 17:20:00+00:00, run_after=2026-02-17 17:25:00+00:00
[2026-02-17T17:24:08.692+0000] {processor.py:183} INFO - Processing /opt/airflow/dags/ingest_telemetry.py took 0.324 seconds
[2026-02-17T17:24:39.077+0000] {processor.py:161} INFO - Started process (PID=425) to work on /opt/airflow/dags/ingest_telemetry.py
[2026-02-17T17:24:39.079+0000] {processor.py:830} INFO - Processing file /opt/airflow/dags/ingest_telemetry.py for tasks to queue
[2026-02-17T17:24:39.080+0000] {logging_mixin.py:188} INFO - [2026-02-17T17:24:39.080+0000] {dagbag.py:538} INFO - Filling up the DagBag from /opt/airflow/dags/ingest_telemetry.py
[2026-02-17T17:24:39.469+0000] {processor.py:840} INFO - DAG(s) 'ingest_telemetry' retrieved from /opt/airflow/dags/ingest_telemetry.py
[2026-02-17T17:24:39.490+0000] {logging_mixin.py:188} INFO - [2026-02-17T17:24:39.490+0000] {dag.py:3036} INFO - Sync 1 DAGs
[2026-02-17T17:24:39.500+0000] {logging_mixin.py:188} INFO - [2026-02-17T17:24:39.500+0000] {dag.py:3823} INFO - Setting next_dagrun for ingest_telemetry to 2026-02-17 17:20:00+00:00, run_after=2026-02-17 17:25:00+00:00
[2026-02-17T17:24:39.509+0000] {processor.py:183} INFO - Processing /opt/airflow/dags/ingest_telemetry.py took 0.440 seconds
[2026-02-17T17:25:09.850+0000] {processor.py:161} INFO - Started process (PID=437) to work on /opt/airflow/dags/ingest_telemetry.py
[2026-02-17T17:25:09.852+0000] {processor.py:830} INFO - Processing file /opt/airflow/dags/ingest_telemetry.py for tasks to queue
[2026-02-17T17:25:09.853+0000] {logging_mixin.py:188} INFO - [2026-02-17T17:25:09.853+0000] {dagbag.py:538} INFO - Filling up the DagBag from /opt/airflow/dags/ingest_telemetry.py
[2026-02-17T17:25:10.166+0000] {processor.py:840} INFO - DAG(s) 'ingest_telemetry' retrieved from /opt/airflow/dags/ingest_telemetry.py
[2026-02-17T17:25:10.179+0000] {logging_mixin.py:188} INFO - [2026-02-17T17:25:10.178+0000] {dag.py:3036} INFO - Sync 1 DAGs
[2026-02-17T17:25:10.190+0000] {logging_mixin.py:188} INFO - [2026-02-17T17:25:10.190+0000] {dag.py:3823} INFO - Setting next_dagrun for ingest_telemetry to 2026-02-17 17:25:00+00:00, run_after=2026-02-17 17:30:00+00:00
[2026-02-17T17:25:10.197+0000] {processor.py:183} INFO - Processing /opt/airflow/dags/ingest_telemetry.py took 0.352 seconds
[2026-02-17T17:25:40.353+0000] {processor.py:161} INFO - Started process (PID=443) to work on /opt/airflow/dags/ingest_telemetry.py
[2026-02-17T17:25:40.356+0000] {processor.py:830} INFO - Processing file /opt/airflow/dags/ingest_telemetry.py for tasks to queue
[2026-02-17T17:25:40.357+0000] {logging_mixin.py:188} INFO - [2026-02-17T17:25:40.357+0000] {dagbag.py:538} INFO - Filling up the DagBag from /opt/airflow/dags/ingest_telemetry.py
[2026-02-17T17:25:40.804+0000] {processor.py:840} INFO - DAG(s) 'ingest_telemetry' retrieved from /opt/airflow/dags/ingest_telemetry.py
[2026-02-17T17:25:40.822+0000] {logging_mixin.py:188} INFO - [2026-02-17T17:25:40.822+0000] {dag.py:3036} INFO - Sync 1 DAGs
[2026-02-17T17:25:40.835+0000] {logging_mixin.py:188} INFO - [2026-02-17T17:25:40.835+0000] {dag.py:3823} INFO - Setting next_dagrun for ingest_telemetry to 2026-02-17 17:25:00+00:00, run_after=2026-02-17 17:30:00+00:00
[2026-02-17T17:25:40.845+0000] {processor.py:183} INFO - Processing /opt/airflow/dags/ingest_telemetry.py took 0.498 seconds
[2026-02-17T17:26:11.166+0000] {processor.py:161} INFO - Started process (PID=449) to work on /opt/airflow/dags/ingest_telemetry.py
[2026-02-17T17:26:11.168+0000] {processor.py:830} INFO - Processing file /opt/airflow/dags/ingest_telemetry.py for tasks to queue
[2026-02-17T17:26:11.169+0000] {logging_mixin.py:188} INFO - [2026-02-17T17:26:11.169+0000] {dagbag.py:538} INFO - Filling up the DagBag from /opt/airflow/dags/ingest_telemetry.py
[2026-02-17T17:26:11.466+0000] {processor.py:840} INFO - DAG(s) 'ingest_telemetry' retrieved from /opt/airflow/dags/ingest_telemetry.py
[2026-02-17T17:26:11.476+0000] {logging_mixin.py:188} INFO - [2026-02-17T17:26:11.476+0000] {dag.py:3036} INFO - Sync 1 DAGs
[2026-02-17T17:26:11.485+0000] {logging_mixin.py:188} INFO - [2026-02-17T17:26:11.485+0000] {dag.py:3823} INFO - Setting next_dagrun for ingest_telemetry to 2026-02-17 17:25:00+00:00, run_after=2026-02-17 17:30:00+00:00
[2026-02-17T17:26:11.493+0000] {processor.py:183} INFO - Processing /opt/airflow/dags/ingest_telemetry.py took 0.332 seconds
[2026-02-17T17:26:41.840+0000] {processor.py:161} INFO - Started process (PID=455) to work on /opt/airflow/dags/ingest_telemetry.py
[2026-02-17T17:26:41.842+0000] {processor.py:830} INFO - Processing file /opt/airflow/dags/ingest_telemetry.py for tasks to queue
[2026-02-17T17:26:41.843+0000] {logging_mixin.py:188} INFO - [2026-02-17T17:26:41.843+0000] {dagbag.py:538} INFO - Filling up the DagBag from /opt/airflow/dags/ingest_telemetry.py
[2026-02-17T17:26:42.284+0000] {processor.py:840} INFO - DAG(s) 'ingest_telemetry' retrieved from /opt/airflow/dags/ingest_telemetry.py
[2026-02-17T17:26:42.298+0000] {logging_mixin.py:188} INFO - [2026-02-17T17:26:42.298+0000] {dag.py:3036} INFO - Sync 1 DAGs
[2026-02-17T17:26:42.309+0000] {logging_mixin.py:188} INFO - [2026-02-17T17:26:42.309+0000] {dag.py:3823} INFO - Setting next_dagrun for ingest_telemetry to 2026-02-17 17:25:00+00:00, run_after=2026-02-17 17:30:00+00:00
[2026-02-17T17:26:42.317+0000] {processor.py:183} INFO - Processing /opt/airflow/dags/ingest_telemetry.py took 0.484 seconds
[2026-02-17T17:27:12.626+0000] {processor.py:161} INFO - Started process (PID=464) to work on /opt/airflow/dags/ingest_telemetry.py
[2026-02-17T17:27:12.628+0000] {processor.py:830} INFO - Processing file /opt/airflow/dags/ingest_telemetry.py for tasks to queue
[2026-02-17T17:27:12.629+0000] {logging_mixin.py:188} INFO - [2026-02-17T17:27:12.629+0000] {dagbag.py:538} INFO - Filling up the DagBag from /opt/airflow/dags/ingest_telemetry.py
[2026-02-17T17:27:12.941+0000] {processor.py:840} INFO - DAG(s) 'ingest_telemetry' retrieved from /opt/airflow/dags/ingest_telemetry.py
[2026-02-17T17:27:12.954+0000] {logging_mixin.py:188} INFO - [2026-02-17T17:27:12.954+0000] {dag.py:3036} INFO - Sync 1 DAGs
[2026-02-17T17:27:12.965+0000] {logging_mixin.py:188} INFO - [2026-02-17T17:27:12.965+0000] {dag.py:3823} INFO - Setting next_dagrun for ingest_telemetry to 2026-02-17 17:25:00+00:00, run_after=2026-02-17 17:30:00+00:00
[2026-02-17T17:27:12.972+0000] {processor.py:183} INFO - Processing /opt/airflow/dags/ingest_telemetry.py took 0.351 seconds
[2026-02-17T17:27:43.283+0000] {processor.py:161} INFO - Started process (PID=470) to work on /opt/airflow/dags/ingest_telemetry.py
[2026-02-17T17:27:43.285+0000] {processor.py:830} INFO - Processing file /opt/airflow/dags/ingest_telemetry.py for tasks to queue
[2026-02-17T17:27:43.286+0000] {logging_mixin.py:188} INFO - [2026-02-17T17:27:43.286+0000] {dagbag.py:538} INFO - Filling up the DagBag from /opt/airflow/dags/ingest_telemetry.py
[2026-02-17T17:27:43.729+0000] {processor.py:840} INFO - DAG(s) 'ingest_telemetry' retrieved from /opt/airflow/dags/ingest_telemetry.py
[2026-02-17T17:27:43.742+0000] {logging_mixin.py:188} INFO - [2026-02-17T17:27:43.741+0000] {dag.py:3036} INFO - Sync 1 DAGs
[2026-02-17T17:27:43.752+0000] {logging_mixin.py:188} INFO - [2026-02-17T17:27:43.752+0000] {dag.py:3823} INFO - Setting next_dagrun for ingest_telemetry to 2026-02-17 17:25:00+00:00, run_after=2026-02-17 17:30:00+00:00
[2026-02-17T17:27:43.760+0000] {processor.py:183} INFO - Processing /opt/airflow/dags/ingest_telemetry.py took 0.490 seconds
[2026-02-17T17:28:14.053+0000] {processor.py:161} INFO - Started process (PID=476) to work on /opt/airflow/dags/ingest_telemetry.py
[2026-02-17T17:28:14.055+0000] {processor.py:830} INFO - Processing file /opt/airflow/dags/ingest_telemetry.py for tasks to queue
[2026-02-17T17:28:14.056+0000] {logging_mixin.py:188} INFO - [2026-02-17T17:28:14.056+0000] {dagbag.py:538} INFO - Filling up the DagBag from /opt/airflow/dags/ingest_telemetry.py
[2026-02-17T17:28:14.328+0000] {processor.py:840} INFO - DAG(s) 'ingest_telemetry' retrieved from /opt/airflow/dags/ingest_telemetry.py
[2026-02-17T17:28:14.339+0000] {logging_mixin.py:188} INFO - [2026-02-17T17:28:14.339+0000] {dag.py:3036} INFO - Sync 1 DAGs
[2026-02-17T17:28:14.349+0000] {logging_mixin.py:188} INFO - [2026-02-17T17:28:14.349+0000] {dag.py:3823} INFO - Setting next_dagrun for ingest_telemetry to 2026-02-17 17:25:00+00:00, run_after=2026-02-17 17:30:00+00:00
[2026-02-17T17:28:14.356+0000] {processor.py:183} INFO - Processing /opt/airflow/dags/ingest_telemetry.py took 0.308 seconds
[2026-02-17T17:28:44.685+0000] {processor.py:161} INFO - Started process (PID=482) to work on /opt/airflow/dags/ingest_telemetry.py
[2026-02-17T17:28:44.687+0000] {processor.py:830} INFO - Processing file /opt/airflow/dags/ingest_telemetry.py for tasks to queue
[2026-02-17T17:28:44.687+0000] {logging_mixin.py:188} INFO - [2026-02-17T17:28:44.687+0000] {dagbag.py:538} INFO - Filling up the DagBag from /opt/airflow/dags/ingest_telemetry.py
[2026-02-17T17:28:45.078+0000] {processor.py:840} INFO - DAG(s) 'ingest_telemetry' retrieved from /opt/airflow/dags/ingest_telemetry.py
[2026-02-17T17:28:45.092+0000] {logging_mixin.py:188} INFO - [2026-02-17T17:28:45.091+0000] {dag.py:3036} INFO - Sync 1 DAGs
[2026-02-17T17:28:45.102+0000] {logging_mixin.py:188} INFO - [2026-02-17T17:28:45.102+0000] {dag.py:3823} INFO - Setting next_dagrun for ingest_telemetry to 2026-02-17 17:25:00+00:00, run_after=2026-02-17 17:30:00+00:00
[2026-02-17T17:28:45.110+0000] {processor.py:183} INFO - Processing /opt/airflow/dags/ingest_telemetry.py took 0.430 seconds
[2026-02-17T17:29:15.511+0000] {processor.py:161} INFO - Started process (PID=488) to work on /opt/airflow/dags/ingest_telemetry.py
[2026-02-17T17:29:15.513+0000] {processor.py:830} INFO - Processing file /opt/airflow/dags/ingest_telemetry.py for tasks to queue
[2026-02-17T17:29:15.514+0000] {logging_mixin.py:188} INFO - [2026-02-17T17:29:15.514+0000] {dagbag.py:538} INFO - Filling up the DagBag from /opt/airflow/dags/ingest_telemetry.py
[2026-02-17T17:29:15.940+0000] {processor.py:840} INFO - DAG(s) 'ingest_telemetry' retrieved from /opt/airflow/dags/ingest_telemetry.py
[2026-02-17T17:29:15.952+0000] {logging_mixin.py:188} INFO - [2026-02-17T17:29:15.952+0000] {dag.py:3036} INFO - Sync 1 DAGs
[2026-02-17T17:29:15.966+0000] {logging_mixin.py:188} INFO - [2026-02-17T17:29:15.965+0000] {dag.py:3823} INFO - Setting next_dagrun for ingest_telemetry to 2026-02-17 17:25:00+00:00, run_after=2026-02-17 17:30:00+00:00
[2026-02-17T17:29:15.974+0000] {processor.py:183} INFO - Processing /opt/airflow/dags/ingest_telemetry.py took 0.469 seconds
[2026-02-17T17:29:46.293+0000] {processor.py:161} INFO - Started process (PID=494) to work on /opt/airflow/dags/ingest_telemetry.py
[2026-02-17T17:29:46.295+0000] {processor.py:830} INFO - Processing file /opt/airflow/dags/ingest_telemetry.py for tasks to queue
[2026-02-17T17:29:46.296+0000] {logging_mixin.py:188} INFO - [2026-02-17T17:29:46.296+0000] {dagbag.py:538} INFO - Filling up the DagBag from /opt/airflow/dags/ingest_telemetry.py
[2026-02-17T17:29:46.730+0000] {processor.py:840} INFO - DAG(s) 'ingest_telemetry' retrieved from /opt/airflow/dags/ingest_telemetry.py
[2026-02-17T17:29:46.745+0000] {logging_mixin.py:188} INFO - [2026-02-17T17:29:46.744+0000] {dag.py:3036} INFO - Sync 1 DAGs
[2026-02-17T17:29:46.757+0000] {logging_mixin.py:188} INFO - [2026-02-17T17:29:46.757+0000] {dag.py:3823} INFO - Setting next_dagrun for ingest_telemetry to 2026-02-17 17:25:00+00:00, run_after=2026-02-17 17:30:00+00:00
[2026-02-17T17:29:46.765+0000] {processor.py:183} INFO - Processing /opt/airflow/dags/ingest_telemetry.py took 0.477 seconds
[2026-02-17T17:30:17.056+0000] {processor.py:161} INFO - Started process (PID=506) to work on /opt/airflow/dags/ingest_telemetry.py
[2026-02-17T17:30:17.058+0000] {processor.py:830} INFO - Processing file /opt/airflow/dags/ingest_telemetry.py for tasks to queue
[2026-02-17T17:30:17.059+0000] {logging_mixin.py:188} INFO - [2026-02-17T17:30:17.059+0000] {dagbag.py:538} INFO - Filling up the DagBag from /opt/airflow/dags/ingest_telemetry.py
[2026-02-17T17:30:17.570+0000] {processor.py:840} INFO - DAG(s) 'ingest_telemetry' retrieved from /opt/airflow/dags/ingest_telemetry.py
[2026-02-17T17:30:17.582+0000] {logging_mixin.py:188} INFO - [2026-02-17T17:30:17.582+0000] {dag.py:3036} INFO - Sync 1 DAGs
[2026-02-17T17:30:17.593+0000] {logging_mixin.py:188} INFO - [2026-02-17T17:30:17.593+0000] {dag.py:3823} INFO - Setting next_dagrun for ingest_telemetry to 2026-02-17 17:30:00+00:00, run_after=2026-02-17 17:35:00+00:00
[2026-02-17T17:30:17.600+0000] {processor.py:183} INFO - Processing /opt/airflow/dags/ingest_telemetry.py took 0.551 seconds
[2026-02-17T17:30:47.867+0000] {processor.py:161} INFO - Started process (PID=512) to work on /opt/airflow/dags/ingest_telemetry.py
[2026-02-17T17:30:47.868+0000] {processor.py:830} INFO - Processing file /opt/airflow/dags/ingest_telemetry.py for tasks to queue
[2026-02-17T17:30:47.869+0000] {logging_mixin.py:188} INFO - [2026-02-17T17:30:47.869+0000] {dagbag.py:538} INFO - Filling up the DagBag from /opt/airflow/dags/ingest_telemetry.py
[2026-02-17T17:30:48.210+0000] {processor.py:840} INFO - DAG(s) 'ingest_telemetry' retrieved from /opt/airflow/dags/ingest_telemetry.py
[2026-02-17T17:30:48.220+0000] {logging_mixin.py:188} INFO - [2026-02-17T17:30:48.220+0000] {dag.py:3036} INFO - Sync 1 DAGs
[2026-02-17T17:30:48.230+0000] {logging_mixin.py:188} INFO - [2026-02-17T17:30:48.230+0000] {dag.py:3823} INFO - Setting next_dagrun for ingest_telemetry to 2026-02-17 17:30:00+00:00, run_after=2026-02-17 17:35:00+00:00
[2026-02-17T17:30:48.238+0000] {processor.py:183} INFO - Processing /opt/airflow/dags/ingest_telemetry.py took 0.373 seconds
[2026-02-17T17:30:59.012+0000] {processor.py:161} INFO - Started process (PID=518) to work on /opt/airflow/dags/ingest_telemetry.py
[2026-02-17T17:30:59.013+0000] {processor.py:830} INFO - Processing file /opt/airflow/dags/ingest_telemetry.py for tasks to queue
[2026-02-17T17:30:59.014+0000] {logging_mixin.py:188} INFO - [2026-02-17T17:30:59.014+0000] {dagbag.py:538} INFO - Filling up the DagBag from /opt/airflow/dags/ingest_telemetry.py
[2026-02-17T17:30:59.426+0000] {processor.py:840} INFO - DAG(s) 'ingest_telemetry' retrieved from /opt/airflow/dags/ingest_telemetry.py
[2026-02-17T17:30:59.444+0000] {logging_mixin.py:188} INFO - [2026-02-17T17:30:59.443+0000] {dag.py:3036} INFO - Sync 1 DAGs
[2026-02-17T17:30:59.458+0000] {logging_mixin.py:188} INFO - [2026-02-17T17:30:59.458+0000] {dag.py:3823} INFO - Setting next_dagrun for ingest_telemetry to 2026-02-17 17:30:00+00:00, run_after=2026-02-17 17:35:00+00:00
[2026-02-17T17:30:59.469+0000] {processor.py:183} INFO - Processing /opt/airflow/dags/ingest_telemetry.py took 0.463 seconds
[2026-02-17T17:31:29.728+0000] {processor.py:161} INFO - Started process (PID=524) to work on /opt/airflow/dags/ingest_telemetry.py
[2026-02-17T17:31:29.732+0000] {processor.py:830} INFO - Processing file /opt/airflow/dags/ingest_telemetry.py for tasks to queue
[2026-02-17T17:31:29.735+0000] {logging_mixin.py:188} INFO - [2026-02-17T17:31:29.734+0000] {dagbag.py:538} INFO - Filling up the DagBag from /opt/airflow/dags/ingest_telemetry.py
[2026-02-17T17:31:30.205+0000] {processor.py:840} INFO - DAG(s) 'ingest_telemetry' retrieved from /opt/airflow/dags/ingest_telemetry.py
[2026-02-17T17:31:30.223+0000] {logging_mixin.py:188} INFO - [2026-02-17T17:31:30.222+0000] {dag.py:3036} INFO - Sync 1 DAGs
[2026-02-17T17:31:30.235+0000] {logging_mixin.py:188} INFO - [2026-02-17T17:31:30.235+0000] {dag.py:3823} INFO - Setting next_dagrun for ingest_telemetry to 2026-02-17 17:30:00+00:00, run_after=2026-02-17 17:35:00+00:00
[2026-02-17T17:31:30.246+0000] {processor.py:183} INFO - Processing /opt/airflow/dags/ingest_telemetry.py took 0.531 seconds
[2026-02-17T17:32:00.607+0000] {processor.py:161} INFO - Started process (PID=530) to work on /opt/airflow/dags/ingest_telemetry.py
[2026-02-17T17:32:00.609+0000] {processor.py:830} INFO - Processing file /opt/airflow/dags/ingest_telemetry.py for tasks to queue
[2026-02-17T17:32:00.610+0000] {logging_mixin.py:188} INFO - [2026-02-17T17:32:00.609+0000] {dagbag.py:538} INFO - Filling up the DagBag from /opt/airflow/dags/ingest_telemetry.py
[2026-02-17T17:32:00.981+0000] {processor.py:840} INFO - DAG(s) 'ingest_telemetry' retrieved from /opt/airflow/dags/ingest_telemetry.py
[2026-02-17T17:32:00.994+0000] {logging_mixin.py:188} INFO - [2026-02-17T17:32:00.994+0000] {dag.py:3036} INFO - Sync 1 DAGs
[2026-02-17T17:32:01.005+0000] {logging_mixin.py:188} INFO - [2026-02-17T17:32:01.005+0000] {dag.py:3823} INFO - Setting next_dagrun for ingest_telemetry to 2026-02-17 17:30:00+00:00, run_after=2026-02-17 17:35:00+00:00
[2026-02-17T17:32:01.013+0000] {processor.py:183} INFO - Processing /opt/airflow/dags/ingest_telemetry.py took 0.415 seconds
[2026-02-17T17:32:31.378+0000] {processor.py:161} INFO - Started process (PID=539) to work on /opt/airflow/dags/ingest_telemetry.py
[2026-02-17T17:32:31.380+0000] {processor.py:830} INFO - Processing file /opt/airflow/dags/ingest_telemetry.py for tasks to queue
[2026-02-17T17:32:31.382+0000] {logging_mixin.py:188} INFO - [2026-02-17T17:32:31.381+0000] {dagbag.py:538} INFO - Filling up the DagBag from /opt/airflow/dags/ingest_telemetry.py
[2026-02-17T17:32:31.816+0000] {processor.py:840} INFO - DAG(s) 'ingest_telemetry' retrieved from /opt/airflow/dags/ingest_telemetry.py
[2026-02-17T17:32:31.830+0000] {logging_mixin.py:188} INFO - [2026-02-17T17:32:31.830+0000] {dag.py:3036} INFO - Sync 1 DAGs
[2026-02-17T17:32:31.841+0000] {logging_mixin.py:188} INFO - [2026-02-17T17:32:31.841+0000] {dag.py:3823} INFO - Setting next_dagrun for ingest_telemetry to 2026-02-17 17:30:00+00:00, run_after=2026-02-17 17:35:00+00:00
[2026-02-17T17:32:31.850+0000] {processor.py:183} INFO - Processing /opt/airflow/dags/ingest_telemetry.py took 0.481 seconds
[2026-02-17T17:33:02.173+0000] {processor.py:161} INFO - Started process (PID=545) to work on /opt/airflow/dags/ingest_telemetry.py
[2026-02-17T17:33:02.175+0000] {processor.py:830} INFO - Processing file /opt/airflow/dags/ingest_telemetry.py for tasks to queue
[2026-02-17T17:33:02.176+0000] {logging_mixin.py:188} INFO - [2026-02-17T17:33:02.176+0000] {dagbag.py:538} INFO - Filling up the DagBag from /opt/airflow/dags/ingest_telemetry.py
[2026-02-17T17:33:02.465+0000] {processor.py:840} INFO - DAG(s) 'ingest_telemetry' retrieved from /opt/airflow/dags/ingest_telemetry.py
[2026-02-17T17:33:02.495+0000] {logging_mixin.py:188} INFO - [2026-02-17T17:33:02.495+0000] {dag.py:3036} INFO - Sync 1 DAGs
[2026-02-17T17:33:02.510+0000] {logging_mixin.py:188} INFO - [2026-02-17T17:33:02.510+0000] {dag.py:3823} INFO - Setting next_dagrun for ingest_telemetry to 2026-02-17 17:30:00+00:00, run_after=2026-02-17 17:35:00+00:00
[2026-02-17T17:33:02.521+0000] {processor.py:183} INFO - Processing /opt/airflow/dags/ingest_telemetry.py took 0.353 seconds
[2026-02-17T17:33:32.713+0000] {processor.py:161} INFO - Started process (PID=551) to work on /opt/airflow/dags/ingest_telemetry.py
[2026-02-17T17:33:32.715+0000] {processor.py:830} INFO - Processing file /opt/airflow/dags/ingest_telemetry.py for tasks to queue
[2026-02-17T17:33:32.716+0000] {logging_mixin.py:188} INFO - [2026-02-17T17:33:32.715+0000] {dagbag.py:538} INFO - Filling up the DagBag from /opt/airflow/dags/ingest_telemetry.py
[2026-02-17T17:33:33.177+0000] {processor.py:840} INFO - DAG(s) 'ingest_telemetry' retrieved from /opt/airflow/dags/ingest_telemetry.py
[2026-02-17T17:33:33.192+0000] {logging_mixin.py:188} INFO - [2026-02-17T17:33:33.191+0000] {dag.py:3036} INFO - Sync 1 DAGs
[2026-02-17T17:33:33.205+0000] {logging_mixin.py:188} INFO - [2026-02-17T17:33:33.204+0000] {dag.py:3823} INFO - Setting next_dagrun for ingest_telemetry to 2026-02-17 17:30:00+00:00, run_after=2026-02-17 17:35:00+00:00
[2026-02-17T17:33:33.214+0000] {processor.py:183} INFO - Processing /opt/airflow/dags/ingest_telemetry.py took 0.509 seconds
[2026-02-17T17:34:03.536+0000] {processor.py:161} INFO - Started process (PID=557) to work on /opt/airflow/dags/ingest_telemetry.py
[2026-02-17T17:34:03.538+0000] {processor.py:830} INFO - Processing file /opt/airflow/dags/ingest_telemetry.py for tasks to queue
[2026-02-17T17:34:03.541+0000] {logging_mixin.py:188} INFO - [2026-02-17T17:34:03.540+0000] {dagbag.py:538} INFO - Filling up the DagBag from /opt/airflow/dags/ingest_telemetry.py
[2026-02-17T17:34:03.879+0000] {processor.py:840} INFO - DAG(s) 'ingest_telemetry' retrieved from /opt/airflow/dags/ingest_telemetry.py
[2026-02-17T17:34:03.892+0000] {logging_mixin.py:188} INFO - [2026-02-17T17:34:03.892+0000] {dag.py:3036} INFO - Sync 1 DAGs
[2026-02-17T17:34:03.903+0000] {logging_mixin.py:188} INFO - [2026-02-17T17:34:03.903+0000] {dag.py:3823} INFO - Setting next_dagrun for ingest_telemetry to 2026-02-17 17:30:00+00:00, run_after=2026-02-17 17:35:00+00:00
[2026-02-17T17:34:03.911+0000] {processor.py:183} INFO - Processing /opt/airflow/dags/ingest_telemetry.py took 0.380 seconds
[2026-02-17T17:34:34.246+0000] {processor.py:161} INFO - Started process (PID=563) to work on /opt/airflow/dags/ingest_telemetry.py
[2026-02-17T17:34:34.248+0000] {processor.py:830} INFO - Processing file /opt/airflow/dags/ingest_telemetry.py for tasks to queue
[2026-02-17T17:34:34.250+0000] {logging_mixin.py:188} INFO - [2026-02-17T17:34:34.249+0000] {dagbag.py:538} INFO - Filling up the DagBag from /opt/airflow/dags/ingest_telemetry.py
[2026-02-17T17:34:34.664+0000] {processor.py:840} INFO - DAG(s) 'ingest_telemetry' retrieved from /opt/airflow/dags/ingest_telemetry.py
[2026-02-17T17:34:34.678+0000] {logging_mixin.py:188} INFO - [2026-02-17T17:34:34.678+0000] {dag.py:3036} INFO - Sync 1 DAGs
[2026-02-17T17:34:34.690+0000] {logging_mixin.py:188} INFO - [2026-02-17T17:34:34.690+0000] {dag.py:3823} INFO - Setting next_dagrun for ingest_telemetry to 2026-02-17 17:30:00+00:00, run_after=2026-02-17 17:35:00+00:00
[2026-02-17T17:34:34.700+0000] {processor.py:183} INFO - Processing /opt/airflow/dags/ingest_telemetry.py took 0.459 seconds
[2026-02-17T17:35:05.059+0000] {processor.py:161} INFO - Started process (PID=575) to work on /opt/airflow/dags/ingest_telemetry.py
[2026-02-17T17:35:05.060+0000] {processor.py:830} INFO - Processing file /opt/airflow/dags/ingest_telemetry.py for tasks to queue
[2026-02-17T17:35:05.061+0000] {logging_mixin.py:188} INFO - [2026-02-17T17:35:05.061+0000] {dagbag.py:538} INFO - Filling up the DagBag from /opt/airflow/dags/ingest_telemetry.py
[2026-02-17T17:35:05.388+0000] {processor.py:840} INFO - DAG(s) 'ingest_telemetry' retrieved from /opt/airflow/dags/ingest_telemetry.py
[2026-02-17T17:35:05.404+0000] {logging_mixin.py:188} INFO - [2026-02-17T17:35:05.403+0000] {dag.py:3036} INFO - Sync 1 DAGs
[2026-02-17T17:35:05.415+0000] {logging_mixin.py:188} INFO - [2026-02-17T17:35:05.415+0000] {dag.py:3823} INFO - Setting next_dagrun for ingest_telemetry to 2026-02-17 17:35:00+00:00, run_after=2026-02-17 17:40:00+00:00
[2026-02-17T17:35:05.422+0000] {processor.py:183} INFO - Processing /opt/airflow/dags/ingest_telemetry.py took 0.369 seconds
[2026-02-17T17:35:35.475+0000] {processor.py:161} INFO - Started process (PID=581) to work on /opt/airflow/dags/ingest_telemetry.py
[2026-02-17T17:35:35.476+0000] {processor.py:830} INFO - Processing file /opt/airflow/dags/ingest_telemetry.py for tasks to queue
[2026-02-17T17:35:35.477+0000] {logging_mixin.py:188} INFO - [2026-02-17T17:35:35.477+0000] {dagbag.py:538} INFO - Filling up the DagBag from /opt/airflow/dags/ingest_telemetry.py
[2026-02-17T17:35:35.958+0000] {processor.py:840} INFO - DAG(s) 'ingest_telemetry' retrieved from /opt/airflow/dags/ingest_telemetry.py
[2026-02-17T17:35:35.973+0000] {logging_mixin.py:188} INFO - [2026-02-17T17:35:35.972+0000] {dag.py:3036} INFO - Sync 1 DAGs
[2026-02-17T17:35:35.983+0000] {logging_mixin.py:188} INFO - [2026-02-17T17:35:35.983+0000] {dag.py:3823} INFO - Setting next_dagrun for ingest_telemetry to 2026-02-17 17:35:00+00:00, run_after=2026-02-17 17:40:00+00:00
[2026-02-17T17:35:35.990+0000] {processor.py:183} INFO - Processing /opt/airflow/dags/ingest_telemetry.py took 0.519 seconds
[2026-02-17T17:36:06.051+0000] {processor.py:161} INFO - Started process (PID=587) to work on /opt/airflow/dags/ingest_telemetry.py
[2026-02-17T17:36:06.053+0000] {processor.py:830} INFO - Processing file /opt/airflow/dags/ingest_telemetry.py for tasks to queue
[2026-02-17T17:36:06.054+0000] {logging_mixin.py:188} INFO - [2026-02-17T17:36:06.054+0000] {dagbag.py:538} INFO - Filling up the DagBag from /opt/airflow/dags/ingest_telemetry.py
[2026-02-17T17:36:06.418+0000] {processor.py:840} INFO - DAG(s) 'ingest_telemetry' retrieved from /opt/airflow/dags/ingest_telemetry.py
[2026-02-17T17:36:06.429+0000] {logging_mixin.py:188} INFO - [2026-02-17T17:36:06.429+0000] {dag.py:3036} INFO - Sync 1 DAGs
[2026-02-17T17:36:06.440+0000] {logging_mixin.py:188} INFO - [2026-02-17T17:36:06.439+0000] {dag.py:3823} INFO - Setting next_dagrun for ingest_telemetry to 2026-02-17 17:35:00+00:00, run_after=2026-02-17 17:40:00+00:00
[2026-02-17T17:36:06.447+0000] {processor.py:183} INFO - Processing /opt/airflow/dags/ingest_telemetry.py took 0.404 seconds
[2026-02-17T17:36:36.663+0000] {processor.py:161} INFO - Started process (PID=593) to work on /opt/airflow/dags/ingest_telemetry.py
[2026-02-17T17:36:36.669+0000] {processor.py:830} INFO - Processing file /opt/airflow/dags/ingest_telemetry.py for tasks to queue
[2026-02-17T17:36:36.674+0000] {logging_mixin.py:188} INFO - [2026-02-17T17:36:36.672+0000] {dagbag.py:538} INFO - Filling up the DagBag from /opt/airflow/dags/ingest_telemetry.py
[2026-02-17T17:36:37.186+0000] {processor.py:840} INFO - DAG(s) 'ingest_telemetry' retrieved from /opt/airflow/dags/ingest_telemetry.py
[2026-02-17T17:36:37.199+0000] {logging_mixin.py:188} INFO - [2026-02-17T17:36:37.199+0000] {dag.py:3036} INFO - Sync 1 DAGs
[2026-02-17T17:36:37.212+0000] {logging_mixin.py:188} INFO - [2026-02-17T17:36:37.212+0000] {dag.py:3823} INFO - Setting next_dagrun for ingest_telemetry to 2026-02-17 17:35:00+00:00, run_after=2026-02-17 17:40:00+00:00
[2026-02-17T17:36:37.221+0000] {processor.py:183} INFO - Processing /opt/airflow/dags/ingest_telemetry.py took 0.571 seconds
[2026-02-17T17:37:07.367+0000] {processor.py:161} INFO - Started process (PID=599) to work on /opt/airflow/dags/ingest_telemetry.py
[2026-02-17T17:37:07.369+0000] {processor.py:830} INFO - Processing file /opt/airflow/dags/ingest_telemetry.py for tasks to queue
[2026-02-17T17:37:07.370+0000] {logging_mixin.py:188} INFO - [2026-02-17T17:37:07.369+0000] {dagbag.py:538} INFO - Filling up the DagBag from /opt/airflow/dags/ingest_telemetry.py
[2026-02-17T17:37:07.889+0000] {processor.py:840} INFO - DAG(s) 'ingest_telemetry' retrieved from /opt/airflow/dags/ingest_telemetry.py
[2026-02-17T17:37:07.904+0000] {logging_mixin.py:188} INFO - [2026-02-17T17:37:07.903+0000] {dag.py:3036} INFO - Sync 1 DAGs
[2026-02-17T17:37:07.917+0000] {logging_mixin.py:188} INFO - [2026-02-17T17:37:07.916+0000] {dag.py:3823} INFO - Setting next_dagrun for ingest_telemetry to 2026-02-17 17:35:00+00:00, run_after=2026-02-17 17:40:00+00:00
[2026-02-17T17:37:07.925+0000] {processor.py:183} INFO - Processing /opt/airflow/dags/ingest_telemetry.py took 0.563 seconds
[2026-02-17T17:37:38.307+0000] {processor.py:161} INFO - Started process (PID=608) to work on /opt/airflow/dags/ingest_telemetry.py
[2026-02-17T17:37:38.309+0000] {processor.py:830} INFO - Processing file /opt/airflow/dags/ingest_telemetry.py for tasks to queue
[2026-02-17T17:37:38.310+0000] {logging_mixin.py:188} INFO - [2026-02-17T17:37:38.310+0000] {dagbag.py:538} INFO - Filling up the DagBag from /opt/airflow/dags/ingest_telemetry.py
[2026-02-17T17:37:38.699+0000] {processor.py:840} INFO - DAG(s) 'ingest_telemetry' retrieved from /opt/airflow/dags/ingest_telemetry.py
[2026-02-17T17:37:38.713+0000] {logging_mixin.py:188} INFO - [2026-02-17T17:37:38.712+0000] {dag.py:3036} INFO - Sync 1 DAGs
[2026-02-17T17:37:38.723+0000] {logging_mixin.py:188} INFO - [2026-02-17T17:37:38.723+0000] {dag.py:3823} INFO - Setting next_dagrun for ingest_telemetry to 2026-02-17 17:35:00+00:00, run_after=2026-02-17 17:40:00+00:00
[2026-02-17T17:37:38.731+0000] {processor.py:183} INFO - Processing /opt/airflow/dags/ingest_telemetry.py took 0.430 seconds
[2026-02-17T17:38:08.903+0000] {processor.py:161} INFO - Started process (PID=614) to work on /opt/airflow/dags/ingest_telemetry.py
[2026-02-17T17:38:08.904+0000] {processor.py:830} INFO - Processing file /opt/airflow/dags/ingest_telemetry.py for tasks to queue
[2026-02-17T17:38:08.905+0000] {logging_mixin.py:188} INFO - [2026-02-17T17:38:08.905+0000] {dagbag.py:538} INFO - Filling up the DagBag from /opt/airflow/dags/ingest_telemetry.py
[2026-02-17T17:38:09.214+0000] {processor.py:840} INFO - DAG(s) 'ingest_telemetry' retrieved from /opt/airflow/dags/ingest_telemetry.py
[2026-02-17T17:38:09.224+0000] {logging_mixin.py:188} INFO - [2026-02-17T17:38:09.224+0000] {dag.py:3036} INFO - Sync 1 DAGs
[2026-02-17T17:38:09.233+0000] {logging_mixin.py:188} INFO - [2026-02-17T17:38:09.233+0000] {dag.py:3823} INFO - Setting next_dagrun for ingest_telemetry to 2026-02-17 17:35:00+00:00, run_after=2026-02-17 17:40:00+00:00
[2026-02-17T17:38:09.241+0000] {processor.py:183} INFO - Processing /opt/airflow/dags/ingest_telemetry.py took 0.344 seconds
[2026-02-17T17:38:39.436+0000] {processor.py:161} INFO - Started process (PID=620) to work on /opt/airflow/dags/ingest_telemetry.py
[2026-02-17T17:38:39.438+0000] {processor.py:830} INFO - Processing file /opt/airflow/dags/ingest_telemetry.py for tasks to queue
[2026-02-17T17:38:39.440+0000] {logging_mixin.py:188} INFO - [2026-02-17T17:38:39.439+0000] {dagbag.py:538} INFO - Filling up the DagBag from /opt/airflow/dags/ingest_telemetry.py
[2026-02-17T17:38:39.865+0000] {processor.py:840} INFO - DAG(s) 'ingest_telemetry' retrieved from /opt/airflow/dags/ingest_telemetry.py
[2026-02-17T17:38:39.879+0000] {logging_mixin.py:188} INFO - [2026-02-17T17:38:39.879+0000] {dag.py:3036} INFO - Sync 1 DAGs
[2026-02-17T17:38:39.891+0000] {logging_mixin.py:188} INFO - [2026-02-17T17:38:39.891+0000] {dag.py:3823} INFO - Setting next_dagrun for ingest_telemetry to 2026-02-17 17:35:00+00:00, run_after=2026-02-17 17:40:00+00:00
[2026-02-17T17:38:39.900+0000] {processor.py:183} INFO - Processing /opt/airflow/dags/ingest_telemetry.py took 0.472 seconds
[2026-02-17T17:39:10.273+0000] {processor.py:161} INFO - Started process (PID=626) to work on /opt/airflow/dags/ingest_telemetry.py
[2026-02-17T17:39:10.275+0000] {processor.py:830} INFO - Processing file /opt/airflow/dags/ingest_telemetry.py for tasks to queue
[2026-02-17T17:39:10.277+0000] {logging_mixin.py:188} INFO - [2026-02-17T17:39:10.277+0000] {dagbag.py:538} INFO - Filling up the DagBag from /opt/airflow/dags/ingest_telemetry.py
[2026-02-17T17:39:10.577+0000] {processor.py:840} INFO - DAG(s) 'ingest_telemetry' retrieved from /opt/airflow/dags/ingest_telemetry.py
[2026-02-17T17:39:10.587+0000] {logging_mixin.py:188} INFO - [2026-02-17T17:39:10.587+0000] {dag.py:3036} INFO - Sync 1 DAGs
[2026-02-17T17:39:10.597+0000] {logging_mixin.py:188} INFO - [2026-02-17T17:39:10.597+0000] {dag.py:3823} INFO - Setting next_dagrun for ingest_telemetry to 2026-02-17 17:35:00+00:00, run_after=2026-02-17 17:40:00+00:00
[2026-02-17T17:39:10.604+0000] {processor.py:183} INFO - Processing /opt/airflow/dags/ingest_telemetry.py took 0.339 seconds
[2026-02-17T17:39:40.791+0000] {processor.py:161} INFO - Started process (PID=632) to work on /opt/airflow/dags/ingest_telemetry.py
[2026-02-17T17:39:40.793+0000] {processor.py:830} INFO - Processing file /opt/airflow/dags/ingest_telemetry.py for tasks to queue
[2026-02-17T17:39:40.795+0000] {logging_mixin.py:188} INFO - [2026-02-17T17:39:40.794+0000] {dagbag.py:538} INFO - Filling up the DagBag from /opt/airflow/dags/ingest_telemetry.py
[2026-02-17T17:39:41.257+0000] {processor.py:840} INFO - DAG(s) 'ingest_telemetry' retrieved from /opt/airflow/dags/ingest_telemetry.py
[2026-02-17T17:39:41.271+0000] {logging_mixin.py:188} INFO - [2026-02-17T17:39:41.270+0000] {dag.py:3036} INFO - Sync 1 DAGs
[2026-02-17T17:39:41.285+0000] {logging_mixin.py:188} INFO - [2026-02-17T17:39:41.284+0000] {dag.py:3823} INFO - Setting next_dagrun for ingest_telemetry to 2026-02-17 17:35:00+00:00, run_after=2026-02-17 17:40:00+00:00
[2026-02-17T17:39:41.294+0000] {processor.py:183} INFO - Processing /opt/airflow/dags/ingest_telemetry.py took 0.516 seconds
[2026-02-17T17:40:11.625+0000] {processor.py:161} INFO - Started process (PID=644) to work on /opt/airflow/dags/ingest_telemetry.py
[2026-02-17T17:40:11.629+0000] {processor.py:830} INFO - Processing file /opt/airflow/dags/ingest_telemetry.py for tasks to queue
[2026-02-17T17:40:11.630+0000] {logging_mixin.py:188} INFO - [2026-02-17T17:40:11.629+0000] {dagbag.py:538} INFO - Filling up the DagBag from /opt/airflow/dags/ingest_telemetry.py
[2026-02-17T17:40:12.060+0000] {processor.py:840} INFO - DAG(s) 'ingest_telemetry' retrieved from /opt/airflow/dags/ingest_telemetry.py
[2026-02-17T17:40:12.078+0000] {logging_mixin.py:188} INFO - [2026-02-17T17:40:12.078+0000] {dag.py:3036} INFO - Sync 1 DAGs
[2026-02-17T17:40:12.090+0000] {logging_mixin.py:188} INFO - [2026-02-17T17:40:12.090+0000] {dag.py:3823} INFO - Setting next_dagrun for ingest_telemetry to 2026-02-17 17:40:00+00:00, run_after=2026-02-17 17:45:00+00:00
[2026-02-17T17:40:12.097+0000] {processor.py:183} INFO - Processing /opt/airflow/dags/ingest_telemetry.py took 0.480 seconds
[2026-02-17T17:40:42.533+0000] {processor.py:161} INFO - Started process (PID=650) to work on /opt/airflow/dags/ingest_telemetry.py
[2026-02-17T17:40:42.535+0000] {processor.py:830} INFO - Processing file /opt/airflow/dags/ingest_telemetry.py for tasks to queue
[2026-02-17T17:40:42.537+0000] {logging_mixin.py:188} INFO - [2026-02-17T17:40:42.536+0000] {dagbag.py:538} INFO - Filling up the DagBag from /opt/airflow/dags/ingest_telemetry.py
[2026-02-17T17:40:43.051+0000] {processor.py:840} INFO - DAG(s) 'ingest_telemetry' retrieved from /opt/airflow/dags/ingest_telemetry.py
[2026-02-17T17:40:43.066+0000] {logging_mixin.py:188} INFO - [2026-02-17T17:40:43.065+0000] {dag.py:3036} INFO - Sync 1 DAGs
[2026-02-17T17:40:43.078+0000] {logging_mixin.py:188} INFO - [2026-02-17T17:40:43.078+0000] {dag.py:3823} INFO - Setting next_dagrun for ingest_telemetry to 2026-02-17 17:40:00+00:00, run_after=2026-02-17 17:45:00+00:00
[2026-02-17T17:40:43.090+0000] {processor.py:183} INFO - Processing /opt/airflow/dags/ingest_telemetry.py took 0.566 seconds
[2026-02-17T17:41:13.340+0000] {processor.py:161} INFO - Started process (PID=656) to work on /opt/airflow/dags/ingest_telemetry.py
[2026-02-17T17:41:13.342+0000] {processor.py:830} INFO - Processing file /opt/airflow/dags/ingest_telemetry.py for tasks to queue
[2026-02-17T17:41:13.344+0000] {logging_mixin.py:188} INFO - [2026-02-17T17:41:13.343+0000] {dagbag.py:538} INFO - Filling up the DagBag from /opt/airflow/dags/ingest_telemetry.py
[2026-02-17T17:41:13.837+0000] {processor.py:840} INFO - DAG(s) 'ingest_telemetry' retrieved from /opt/airflow/dags/ingest_telemetry.py
[2026-02-17T17:41:13.850+0000] {logging_mixin.py:188} INFO - [2026-02-17T17:41:13.850+0000] {dag.py:3036} INFO - Sync 1 DAGs
[2026-02-17T17:41:13.862+0000] {logging_mixin.py:188} INFO - [2026-02-17T17:41:13.862+0000] {dag.py:3823} INFO - Setting next_dagrun for ingest_telemetry to 2026-02-17 17:40:00+00:00, run_after=2026-02-17 17:45:00+00:00
[2026-02-17T17:41:13.870+0000] {processor.py:183} INFO - Processing /opt/airflow/dags/ingest_telemetry.py took 0.538 seconds
[2026-02-17T17:41:44.262+0000] {processor.py:161} INFO - Started process (PID=662) to work on /opt/airflow/dags/ingest_telemetry.py
[2026-02-17T17:41:44.264+0000] {processor.py:830} INFO - Processing file /opt/airflow/dags/ingest_telemetry.py for tasks to queue
[2026-02-17T17:41:44.266+0000] {logging_mixin.py:188} INFO - [2026-02-17T17:41:44.265+0000] {dagbag.py:538} INFO - Filling up the DagBag from /opt/airflow/dags/ingest_telemetry.py
[2026-02-17T17:41:44.723+0000] {processor.py:840} INFO - DAG(s) 'ingest_telemetry' retrieved from /opt/airflow/dags/ingest_telemetry.py
[2026-02-17T17:41:44.739+0000] {logging_mixin.py:188} INFO - [2026-02-17T17:41:44.738+0000] {dag.py:3036} INFO - Sync 1 DAGs
[2026-02-17T17:41:44.750+0000] {logging_mixin.py:188} INFO - [2026-02-17T17:41:44.750+0000] {dag.py:3823} INFO - Setting next_dagrun for ingest_telemetry to 2026-02-17 17:40:00+00:00, run_after=2026-02-17 17:45:00+00:00
[2026-02-17T17:41:44.772+0000] {processor.py:183} INFO - Processing /opt/airflow/dags/ingest_telemetry.py took 0.521 seconds
[2026-02-17T17:42:15.051+0000] {processor.py:161} INFO - Started process (PID=671) to work on /opt/airflow/dags/ingest_telemetry.py
[2026-02-17T17:42:15.053+0000] {processor.py:830} INFO - Processing file /opt/airflow/dags/ingest_telemetry.py for tasks to queue
[2026-02-17T17:42:15.054+0000] {logging_mixin.py:188} INFO - [2026-02-17T17:42:15.054+0000] {dagbag.py:538} INFO - Filling up the DagBag from /opt/airflow/dags/ingest_telemetry.py
[2026-02-17T17:42:15.344+0000] {processor.py:840} INFO - DAG(s) 'ingest_telemetry' retrieved from /opt/airflow/dags/ingest_telemetry.py
[2026-02-17T17:42:15.357+0000] {logging_mixin.py:188} INFO - [2026-02-17T17:42:15.357+0000] {dag.py:3036} INFO - Sync 1 DAGs
[2026-02-17T17:42:15.367+0000] {logging_mixin.py:188} INFO - [2026-02-17T17:42:15.367+0000] {dag.py:3823} INFO - Setting next_dagrun for ingest_telemetry to 2026-02-17 17:40:00+00:00, run_after=2026-02-17 17:45:00+00:00
[2026-02-17T17:42:15.375+0000] {processor.py:183} INFO - Processing /opt/airflow/dags/ingest_telemetry.py took 0.328 seconds
[2026-02-17T17:42:45.704+0000] {processor.py:161} INFO - Started process (PID=677) to work on /opt/airflow/dags/ingest_telemetry.py
[2026-02-17T17:42:45.705+0000] {processor.py:830} INFO - Processing file /opt/airflow/dags/ingest_telemetry.py for tasks to queue
[2026-02-17T17:42:45.707+0000] {logging_mixin.py:188} INFO - [2026-02-17T17:42:45.706+0000] {dagbag.py:538} INFO - Filling up the DagBag from /opt/airflow/dags/ingest_telemetry.py
[2026-02-17T17:42:46.210+0000] {processor.py:840} INFO - DAG(s) 'ingest_telemetry' retrieved from /opt/airflow/dags/ingest_telemetry.py
[2026-02-17T17:42:46.222+0000] {logging_mixin.py:188} INFO - [2026-02-17T17:42:46.222+0000] {dag.py:3036} INFO - Sync 1 DAGs
[2026-02-17T17:42:46.235+0000] {logging_mixin.py:188} INFO - [2026-02-17T17:42:46.235+0000] {dag.py:3823} INFO - Setting next_dagrun for ingest_telemetry to 2026-02-17 17:40:00+00:00, run_after=2026-02-17 17:45:00+00:00
[2026-02-17T17:42:46.244+0000] {processor.py:183} INFO - Processing /opt/airflow/dags/ingest_telemetry.py took 0.547 seconds
[2026-02-17T17:43:16.827+0000] {processor.py:161} INFO - Started process (PID=683) to work on /opt/airflow/dags/ingest_telemetry.py
[2026-02-17T17:43:16.839+0000] {processor.py:830} INFO - Processing file /opt/airflow/dags/ingest_telemetry.py for tasks to queue
[2026-02-17T17:43:16.847+0000] {logging_mixin.py:188} INFO - [2026-02-17T17:43:16.844+0000] {dagbag.py:538} INFO - Filling up the DagBag from /opt/airflow/dags/ingest_telemetry.py
[2026-02-17T17:43:17.967+0000] {processor.py:840} INFO - DAG(s) 'ingest_telemetry' retrieved from /opt/airflow/dags/ingest_telemetry.py
[2026-02-17T17:43:17.997+0000] {logging_mixin.py:188} INFO - [2026-02-17T17:43:17.996+0000] {dag.py:3036} INFO - Sync 1 DAGs
[2026-02-17T17:43:18.011+0000] {logging_mixin.py:188} INFO - [2026-02-17T17:43:18.010+0000] {dag.py:3823} INFO - Setting next_dagrun for ingest_telemetry to 2026-02-17 17:40:00+00:00, run_after=2026-02-17 17:45:00+00:00
[2026-02-17T17:43:18.019+0000] {processor.py:183} INFO - Processing /opt/airflow/dags/ingest_telemetry.py took 1.210 seconds
[2026-02-17T17:43:48.391+0000] {processor.py:161} INFO - Started process (PID=689) to work on /opt/airflow/dags/ingest_telemetry.py
[2026-02-17T17:43:48.399+0000] {processor.py:830} INFO - Processing file /opt/airflow/dags/ingest_telemetry.py for tasks to queue
[2026-02-17T17:43:48.404+0000] {logging_mixin.py:188} INFO - [2026-02-17T17:43:48.402+0000] {dagbag.py:538} INFO - Filling up the DagBag from /opt/airflow/dags/ingest_telemetry.py
[2026-02-17T17:43:48.707+0000] {processor.py:840} INFO - DAG(s) 'ingest_telemetry' retrieved from /opt/airflow/dags/ingest_telemetry.py
[2026-02-17T17:43:48.718+0000] {logging_mixin.py:188} INFO - [2026-02-17T17:43:48.717+0000] {dag.py:3036} INFO - Sync 1 DAGs
[2026-02-17T17:43:48.728+0000] {logging_mixin.py:188} INFO - [2026-02-17T17:43:48.728+0000] {dag.py:3823} INFO - Setting next_dagrun for ingest_telemetry to 2026-02-17 17:40:00+00:00, run_after=2026-02-17 17:45:00+00:00
[2026-02-17T17:43:48.735+0000] {processor.py:183} INFO - Processing /opt/airflow/dags/ingest_telemetry.py took 0.351 seconds
[2026-02-17T17:44:19.091+0000] {processor.py:161} INFO - Started process (PID=695) to work on /opt/airflow/dags/ingest_telemetry.py
[2026-02-17T17:44:19.097+0000] {processor.py:830} INFO - Processing file /opt/airflow/dags/ingest_telemetry.py for tasks to queue
[2026-02-17T17:44:19.099+0000] {logging_mixin.py:188} INFO - [2026-02-17T17:44:19.098+0000] {dagbag.py:538} INFO - Filling up the DagBag from /opt/airflow/dags/ingest_telemetry.py
[2026-02-17T17:44:19.571+0000] {processor.py:840} INFO - DAG(s) 'ingest_telemetry' retrieved from /opt/airflow/dags/ingest_telemetry.py
[2026-02-17T17:44:19.590+0000] {logging_mixin.py:188} INFO - [2026-02-17T17:44:19.589+0000] {dag.py:3036} INFO - Sync 1 DAGs
[2026-02-17T17:44:19.602+0000] {logging_mixin.py:188} INFO - [2026-02-17T17:44:19.602+0000] {dag.py:3823} INFO - Setting next_dagrun for ingest_telemetry to 2026-02-17 17:40:00+00:00, run_after=2026-02-17 17:45:00+00:00
[2026-02-17T17:44:19.611+0000] {processor.py:183} INFO - Processing /opt/airflow/dags/ingest_telemetry.py took 0.529 seconds
[2026-02-17T17:44:49.947+0000] {processor.py:161} INFO - Started process (PID=701) to work on /opt/airflow/dags/ingest_telemetry.py
[2026-02-17T17:44:49.951+0000] {processor.py:830} INFO - Processing file /opt/airflow/dags/ingest_telemetry.py for tasks to queue
[2026-02-17T17:44:49.953+0000] {logging_mixin.py:188} INFO - [2026-02-17T17:44:49.953+0000] {dagbag.py:538} INFO - Filling up the DagBag from /opt/airflow/dags/ingest_telemetry.py
[2026-02-17T17:44:50.398+0000] {processor.py:840} INFO - DAG(s) 'ingest_telemetry' retrieved from /opt/airflow/dags/ingest_telemetry.py
[2026-02-17T17:44:50.412+0000] {logging_mixin.py:188} INFO - [2026-02-17T17:44:50.412+0000] {dag.py:3036} INFO - Sync 1 DAGs
[2026-02-17T17:44:50.423+0000] {logging_mixin.py:188} INFO - [2026-02-17T17:44:50.422+0000] {dag.py:3823} INFO - Setting next_dagrun for ingest_telemetry to 2026-02-17 17:40:00+00:00, run_after=2026-02-17 17:45:00+00:00
[2026-02-17T17:44:50.431+0000] {processor.py:183} INFO - Processing /opt/airflow/dags/ingest_telemetry.py took 0.491 seconds
[2026-02-17T17:45:20.995+0000] {processor.py:161} INFO - Started process (PID=713) to work on /opt/airflow/dags/ingest_telemetry.py
[2026-02-17T17:45:20.997+0000] {processor.py:830} INFO - Processing file /opt/airflow/dags/ingest_telemetry.py for tasks to queue
[2026-02-17T17:45:20.999+0000] {logging_mixin.py:188} INFO - [2026-02-17T17:45:20.998+0000] {dagbag.py:538} INFO - Filling up the DagBag from /opt/airflow/dags/ingest_telemetry.py
[2026-02-17T17:45:21.457+0000] {processor.py:840} INFO - DAG(s) 'ingest_telemetry' retrieved from /opt/airflow/dags/ingest_telemetry.py
[2026-02-17T17:45:21.470+0000] {logging_mixin.py:188} INFO - [2026-02-17T17:45:21.470+0000] {dag.py:3036} INFO - Sync 1 DAGs
[2026-02-17T17:45:21.481+0000] {logging_mixin.py:188} INFO - [2026-02-17T17:45:21.481+0000] {dag.py:3823} INFO - Setting next_dagrun for ingest_telemetry to 2026-02-17 17:45:00+00:00, run_after=2026-02-17 17:50:00+00:00
[2026-02-17T17:45:21.490+0000] {processor.py:183} INFO - Processing /opt/airflow/dags/ingest_telemetry.py took 0.499 seconds
[2026-02-17T17:45:51.838+0000] {processor.py:161} INFO - Started process (PID=719) to work on /opt/airflow/dags/ingest_telemetry.py
[2026-02-17T17:45:51.840+0000] {processor.py:830} INFO - Processing file /opt/airflow/dags/ingest_telemetry.py for tasks to queue
[2026-02-17T17:45:51.845+0000] {logging_mixin.py:188} INFO - [2026-02-17T17:45:51.843+0000] {dagbag.py:538} INFO - Filling up the DagBag from /opt/airflow/dags/ingest_telemetry.py
[2026-02-17T17:45:52.346+0000] {processor.py:840} INFO - DAG(s) 'ingest_telemetry' retrieved from /opt/airflow/dags/ingest_telemetry.py
[2026-02-17T17:45:52.359+0000] {logging_mixin.py:188} INFO - [2026-02-17T17:45:52.358+0000] {dag.py:3036} INFO - Sync 1 DAGs
[2026-02-17T17:45:52.369+0000] {logging_mixin.py:188} INFO - [2026-02-17T17:45:52.369+0000] {dag.py:3823} INFO - Setting next_dagrun for ingest_telemetry to 2026-02-17 17:45:00+00:00, run_after=2026-02-17 17:50:00+00:00
[2026-02-17T17:45:52.377+0000] {processor.py:183} INFO - Processing /opt/airflow/dags/ingest_telemetry.py took 0.546 seconds
[2026-02-17T17:46:22.674+0000] {processor.py:161} INFO - Started process (PID=725) to work on /opt/airflow/dags/ingest_telemetry.py
[2026-02-17T17:46:22.676+0000] {processor.py:830} INFO - Processing file /opt/airflow/dags/ingest_telemetry.py for tasks to queue
[2026-02-17T17:46:22.678+0000] {logging_mixin.py:188} INFO - [2026-02-17T17:46:22.677+0000] {dagbag.py:538} INFO - Filling up the DagBag from /opt/airflow/dags/ingest_telemetry.py
[2026-02-17T17:46:23.221+0000] {processor.py:840} INFO - DAG(s) 'ingest_telemetry' retrieved from /opt/airflow/dags/ingest_telemetry.py
[2026-02-17T17:46:23.234+0000] {logging_mixin.py:188} INFO - [2026-02-17T17:46:23.234+0000] {dag.py:3036} INFO - Sync 1 DAGs
[2026-02-17T17:46:23.245+0000] {logging_mixin.py:188} INFO - [2026-02-17T17:46:23.245+0000] {dag.py:3823} INFO - Setting next_dagrun for ingest_telemetry to 2026-02-17 17:45:00+00:00, run_after=2026-02-17 17:50:00+00:00
[2026-02-17T17:46:23.253+0000] {processor.py:183} INFO - Processing /opt/airflow/dags/ingest_telemetry.py took 0.587 seconds
[2026-02-17T17:46:53.625+0000] {processor.py:161} INFO - Started process (PID=731) to work on /opt/airflow/dags/ingest_telemetry.py
[2026-02-17T17:46:53.628+0000] {processor.py:830} INFO - Processing file /opt/airflow/dags/ingest_telemetry.py for tasks to queue
[2026-02-17T17:46:53.629+0000] {logging_mixin.py:188} INFO - [2026-02-17T17:46:53.628+0000] {dagbag.py:538} INFO - Filling up the DagBag from /opt/airflow/dags/ingest_telemetry.py
[2026-02-17T17:46:54.111+0000] {processor.py:840} INFO - DAG(s) 'ingest_telemetry' retrieved from /opt/airflow/dags/ingest_telemetry.py
[2026-02-17T17:46:54.122+0000] {logging_mixin.py:188} INFO - [2026-02-17T17:46:54.122+0000] {dag.py:3036} INFO - Sync 1 DAGs
[2026-02-17T17:46:54.133+0000] {logging_mixin.py:188} INFO - [2026-02-17T17:46:54.133+0000] {dag.py:3823} INFO - Setting next_dagrun for ingest_telemetry to 2026-02-17 17:45:00+00:00, run_after=2026-02-17 17:50:00+00:00
[2026-02-17T17:46:54.141+0000] {processor.py:183} INFO - Processing /opt/airflow/dags/ingest_telemetry.py took 0.532 seconds
[2026-02-17T17:47:24.273+0000] {processor.py:161} INFO - Started process (PID=737) to work on /opt/airflow/dags/ingest_telemetry.py
[2026-02-17T17:47:24.275+0000] {processor.py:830} INFO - Processing file /opt/airflow/dags/ingest_telemetry.py for tasks to queue
[2026-02-17T17:47:24.279+0000] {logging_mixin.py:188} INFO - [2026-02-17T17:47:24.278+0000] {dagbag.py:538} INFO - Filling up the DagBag from /opt/airflow/dags/ingest_telemetry.py
[2026-02-17T17:47:24.723+0000] {processor.py:840} INFO - DAG(s) 'ingest_telemetry' retrieved from /opt/airflow/dags/ingest_telemetry.py
[2026-02-17T17:47:24.735+0000] {logging_mixin.py:188} INFO - [2026-02-17T17:47:24.734+0000] {dag.py:3036} INFO - Sync 1 DAGs
[2026-02-17T17:47:24.746+0000] {logging_mixin.py:188} INFO - [2026-02-17T17:47:24.746+0000] {dag.py:3823} INFO - Setting next_dagrun for ingest_telemetry to 2026-02-17 17:45:00+00:00, run_after=2026-02-17 17:50:00+00:00
[2026-02-17T17:47:24.754+0000] {processor.py:183} INFO - Processing /opt/airflow/dags/ingest_telemetry.py took 0.488 seconds
[2026-02-17T17:47:55.019+0000] {processor.py:161} INFO - Started process (PID=743) to work on /opt/airflow/dags/ingest_telemetry.py
[2026-02-17T17:47:55.021+0000] {processor.py:830} INFO - Processing file /opt/airflow/dags/ingest_telemetry.py for tasks to queue
[2026-02-17T17:47:55.022+0000] {logging_mixin.py:188} INFO - [2026-02-17T17:47:55.021+0000] {dagbag.py:538} INFO - Filling up the DagBag from /opt/airflow/dags/ingest_telemetry.py
[2026-02-17T17:47:55.472+0000] {processor.py:840} INFO - DAG(s) 'ingest_telemetry' retrieved from /opt/airflow/dags/ingest_telemetry.py
[2026-02-17T17:47:55.486+0000] {logging_mixin.py:188} INFO - [2026-02-17T17:47:55.485+0000] {dag.py:3036} INFO - Sync 1 DAGs
[2026-02-17T17:47:55.497+0000] {logging_mixin.py:188} INFO - [2026-02-17T17:47:55.497+0000] {dag.py:3823} INFO - Setting next_dagrun for ingest_telemetry to 2026-02-17 17:45:00+00:00, run_after=2026-02-17 17:50:00+00:00
[2026-02-17T17:47:55.505+0000] {processor.py:183} INFO - Processing /opt/airflow/dags/ingest_telemetry.py took 0.493 seconds
[2026-02-17T17:48:26.040+0000] {processor.py:161} INFO - Started process (PID=749) to work on /opt/airflow/dags/ingest_telemetry.py
[2026-02-17T17:48:26.042+0000] {processor.py:830} INFO - Processing file /opt/airflow/dags/ingest_telemetry.py for tasks to queue
[2026-02-17T17:48:26.043+0000] {logging_mixin.py:188} INFO - [2026-02-17T17:48:26.042+0000] {dagbag.py:538} INFO - Filling up the DagBag from /opt/airflow/dags/ingest_telemetry.py
[2026-02-17T17:48:26.595+0000] {processor.py:840} INFO - DAG(s) 'ingest_telemetry' retrieved from /opt/airflow/dags/ingest_telemetry.py
[2026-02-17T17:48:26.621+0000] {logging_mixin.py:188} INFO - [2026-02-17T17:48:26.620+0000] {dag.py:3036} INFO - Sync 1 DAGs
[2026-02-17T17:48:26.633+0000] {logging_mixin.py:188} INFO - [2026-02-17T17:48:26.632+0000] {dag.py:3823} INFO - Setting next_dagrun for ingest_telemetry to 2026-02-17 17:45:00+00:00, run_after=2026-02-17 17:50:00+00:00
[2026-02-17T17:48:26.642+0000] {processor.py:183} INFO - Processing /opt/airflow/dags/ingest_telemetry.py took 0.609 seconds
[2026-02-17T17:48:56.977+0000] {processor.py:161} INFO - Started process (PID=755) to work on /opt/airflow/dags/ingest_telemetry.py
[2026-02-17T17:48:56.979+0000] {processor.py:830} INFO - Processing file /opt/airflow/dags/ingest_telemetry.py for tasks to queue
[2026-02-17T17:48:56.981+0000] {logging_mixin.py:188} INFO - [2026-02-17T17:48:56.980+0000] {dagbag.py:538} INFO - Filling up the DagBag from /opt/airflow/dags/ingest_telemetry.py
[2026-02-17T17:48:57.437+0000] {processor.py:840} INFO - DAG(s) 'ingest_telemetry' retrieved from /opt/airflow/dags/ingest_telemetry.py
[2026-02-17T17:48:57.451+0000] {logging_mixin.py:188} INFO - [2026-02-17T17:48:57.450+0000] {dag.py:3036} INFO - Sync 1 DAGs
[2026-02-17T17:48:57.461+0000] {logging_mixin.py:188} INFO - [2026-02-17T17:48:57.461+0000] {dag.py:3823} INFO - Setting next_dagrun for ingest_telemetry to 2026-02-17 17:45:00+00:00, run_after=2026-02-17 17:50:00+00:00
[2026-02-17T17:48:57.471+0000] {processor.py:183} INFO - Processing /opt/airflow/dags/ingest_telemetry.py took 0.502 seconds
[2026-02-17T17:49:27.904+0000] {processor.py:161} INFO - Started process (PID=761) to work on /opt/airflow/dags/ingest_telemetry.py
[2026-02-17T17:49:27.906+0000] {processor.py:830} INFO - Processing file /opt/airflow/dags/ingest_telemetry.py for tasks to queue
[2026-02-17T17:49:27.907+0000] {logging_mixin.py:188} INFO - [2026-02-17T17:49:27.907+0000] {dagbag.py:538} INFO - Filling up the DagBag from /opt/airflow/dags/ingest_telemetry.py
[2026-02-17T17:49:28.358+0000] {processor.py:840} INFO - DAG(s) 'ingest_telemetry' retrieved from /opt/airflow/dags/ingest_telemetry.py
[2026-02-17T17:49:28.375+0000] {logging_mixin.py:188} INFO - [2026-02-17T17:49:28.375+0000] {dag.py:3036} INFO - Sync 1 DAGs
[2026-02-17T17:49:28.389+0000] {logging_mixin.py:188} INFO - [2026-02-17T17:49:28.388+0000] {dag.py:3823} INFO - Setting next_dagrun for ingest_telemetry to 2026-02-17 17:45:00+00:00, run_after=2026-02-17 17:50:00+00:00
[2026-02-17T17:49:28.397+0000] {processor.py:183} INFO - Processing /opt/airflow/dags/ingest_telemetry.py took 0.502 seconds
[2026-02-17T17:49:58.681+0000] {processor.py:161} INFO - Started process (PID=767) to work on /opt/airflow/dags/ingest_telemetry.py
[2026-02-17T17:49:58.683+0000] {processor.py:830} INFO - Processing file /opt/airflow/dags/ingest_telemetry.py for tasks to queue
[2026-02-17T17:49:58.684+0000] {logging_mixin.py:188} INFO - [2026-02-17T17:49:58.684+0000] {dagbag.py:538} INFO - Filling up the DagBag from /opt/airflow/dags/ingest_telemetry.py
[2026-02-17T17:49:59.017+0000] {processor.py:840} INFO - DAG(s) 'ingest_telemetry' retrieved from /opt/airflow/dags/ingest_telemetry.py
[2026-02-17T17:49:59.028+0000] {logging_mixin.py:188} INFO - [2026-02-17T17:49:59.027+0000] {dag.py:3036} INFO - Sync 1 DAGs
[2026-02-17T17:49:59.040+0000] {logging_mixin.py:188} INFO - [2026-02-17T17:49:59.040+0000] {dag.py:3823} INFO - Setting next_dagrun for ingest_telemetry to 2026-02-17 17:45:00+00:00, run_after=2026-02-17 17:50:00+00:00
[2026-02-17T17:49:59.048+0000] {processor.py:183} INFO - Processing /opt/airflow/dags/ingest_telemetry.py took 0.374 seconds
[2026-02-17T17:50:29.147+0000] {processor.py:161} INFO - Started process (PID=779) to work on /opt/airflow/dags/ingest_telemetry.py
[2026-02-17T17:50:29.150+0000] {processor.py:830} INFO - Processing file /opt/airflow/dags/ingest_telemetry.py for tasks to queue
[2026-02-17T17:50:29.151+0000] {logging_mixin.py:188} INFO - [2026-02-17T17:50:29.151+0000] {dagbag.py:538} INFO - Filling up the DagBag from /opt/airflow/dags/ingest_telemetry.py
[2026-02-17T17:50:29.464+0000] {processor.py:840} INFO - DAG(s) 'ingest_telemetry' retrieved from /opt/airflow/dags/ingest_telemetry.py
[2026-02-17T17:50:29.476+0000] {logging_mixin.py:188} INFO - [2026-02-17T17:50:29.476+0000] {dag.py:3036} INFO - Sync 1 DAGs
[2026-02-17T17:50:29.487+0000] {logging_mixin.py:188} INFO - [2026-02-17T17:50:29.487+0000] {dag.py:3823} INFO - Setting next_dagrun for ingest_telemetry to 2026-02-17 17:50:00+00:00, run_after=2026-02-17 17:55:00+00:00
[2026-02-17T17:50:29.495+0000] {processor.py:183} INFO - Processing /opt/airflow/dags/ingest_telemetry.py took 0.353 seconds
[2026-02-17T17:50:59.959+0000] {processor.py:161} INFO - Started process (PID=785) to work on /opt/airflow/dags/ingest_telemetry.py
[2026-02-17T17:50:59.963+0000] {processor.py:830} INFO - Processing file /opt/airflow/dags/ingest_telemetry.py for tasks to queue
[2026-02-17T17:50:59.966+0000] {logging_mixin.py:188} INFO - [2026-02-17T17:50:59.965+0000] {dagbag.py:538} INFO - Filling up the DagBag from /opt/airflow/dags/ingest_telemetry.py
[2026-02-17T17:51:00.390+0000] {processor.py:840} INFO - DAG(s) 'ingest_telemetry' retrieved from /opt/airflow/dags/ingest_telemetry.py
[2026-02-17T17:51:00.401+0000] {logging_mixin.py:188} INFO - [2026-02-17T17:51:00.401+0000] {dag.py:3036} INFO - Sync 1 DAGs
[2026-02-17T17:51:00.411+0000] {logging_mixin.py:188} INFO - [2026-02-17T17:51:00.411+0000] {dag.py:3823} INFO - Setting next_dagrun for ingest_telemetry to 2026-02-17 17:50:00+00:00, run_after=2026-02-17 17:55:00+00:00
[2026-02-17T17:51:00.421+0000] {processor.py:183} INFO - Processing /opt/airflow/dags/ingest_telemetry.py took 0.469 seconds
[2026-02-17T17:51:30.830+0000] {processor.py:161} INFO - Started process (PID=791) to work on /opt/airflow/dags/ingest_telemetry.py
[2026-02-17T17:51:30.837+0000] {processor.py:830} INFO - Processing file /opt/airflow/dags/ingest_telemetry.py for tasks to queue
[2026-02-17T17:51:30.838+0000] {logging_mixin.py:188} INFO - [2026-02-17T17:51:30.837+0000] {dagbag.py:538} INFO - Filling up the DagBag from /opt/airflow/dags/ingest_telemetry.py
[2026-02-17T17:51:31.234+0000] {processor.py:840} INFO - DAG(s) 'ingest_telemetry' retrieved from /opt/airflow/dags/ingest_telemetry.py
[2026-02-17T17:51:31.247+0000] {logging_mixin.py:188} INFO - [2026-02-17T17:51:31.246+0000] {dag.py:3036} INFO - Sync 1 DAGs
[2026-02-17T17:51:31.258+0000] {logging_mixin.py:188} INFO - [2026-02-17T17:51:31.258+0000] {dag.py:3823} INFO - Setting next_dagrun for ingest_telemetry to 2026-02-17 17:50:00+00:00, run_after=2026-02-17 17:55:00+00:00
[2026-02-17T17:51:31.266+0000] {processor.py:183} INFO - Processing /opt/airflow/dags/ingest_telemetry.py took 0.445 seconds
[2026-02-17T17:52:01.687+0000] {processor.py:161} INFO - Started process (PID=800) to work on /opt/airflow/dags/ingest_telemetry.py
[2026-02-17T17:52:01.689+0000] {processor.py:830} INFO - Processing file /opt/airflow/dags/ingest_telemetry.py for tasks to queue
[2026-02-17T17:52:01.690+0000] {logging_mixin.py:188} INFO - [2026-02-17T17:52:01.689+0000] {dagbag.py:538} INFO - Filling up the DagBag from /opt/airflow/dags/ingest_telemetry.py
[2026-02-17T17:52:02.023+0000] {processor.py:840} INFO - DAG(s) 'ingest_telemetry' retrieved from /opt/airflow/dags/ingest_telemetry.py
[2026-02-17T17:52:02.036+0000] {logging_mixin.py:188} INFO - [2026-02-17T17:52:02.035+0000] {dag.py:3036} INFO - Sync 1 DAGs
[2026-02-17T17:52:02.046+0000] {logging_mixin.py:188} INFO - [2026-02-17T17:52:02.046+0000] {dag.py:3823} INFO - Setting next_dagrun for ingest_telemetry to 2026-02-17 17:50:00+00:00, run_after=2026-02-17 17:55:00+00:00
[2026-02-17T17:52:02.054+0000] {processor.py:183} INFO - Processing /opt/airflow/dags/ingest_telemetry.py took 0.374 seconds
[2026-02-17T17:52:32.418+0000] {processor.py:161} INFO - Started process (PID=806) to work on /opt/airflow/dags/ingest_telemetry.py
[2026-02-17T17:52:32.420+0000] {processor.py:830} INFO - Processing file /opt/airflow/dags/ingest_telemetry.py for tasks to queue
[2026-02-17T17:52:32.422+0000] {logging_mixin.py:188} INFO - [2026-02-17T17:52:32.421+0000] {dagbag.py:538} INFO - Filling up the DagBag from /opt/airflow/dags/ingest_telemetry.py
[2026-02-17T17:52:32.859+0000] {processor.py:840} INFO - DAG(s) 'ingest_telemetry' retrieved from /opt/airflow/dags/ingest_telemetry.py
[2026-02-17T17:52:32.872+0000] {logging_mixin.py:188} INFO - [2026-02-17T17:52:32.872+0000] {dag.py:3036} INFO - Sync 1 DAGs
[2026-02-17T17:52:32.882+0000] {logging_mixin.py:188} INFO - [2026-02-17T17:52:32.882+0000] {dag.py:3823} INFO - Setting next_dagrun for ingest_telemetry to 2026-02-17 17:50:00+00:00, run_after=2026-02-17 17:55:00+00:00
[2026-02-17T17:52:32.890+0000] {processor.py:183} INFO - Processing /opt/airflow/dags/ingest_telemetry.py took 0.489 seconds
[2026-02-17T17:53:03.291+0000] {processor.py:161} INFO - Started process (PID=812) to work on /opt/airflow/dags/ingest_telemetry.py
[2026-02-17T17:53:03.293+0000] {processor.py:830} INFO - Processing file /opt/airflow/dags/ingest_telemetry.py for tasks to queue
[2026-02-17T17:53:03.294+0000] {logging_mixin.py:188} INFO - [2026-02-17T17:53:03.294+0000] {dagbag.py:538} INFO - Filling up the DagBag from /opt/airflow/dags/ingest_telemetry.py
[2026-02-17T17:53:03.598+0000] {processor.py:840} INFO - DAG(s) 'ingest_telemetry' retrieved from /opt/airflow/dags/ingest_telemetry.py
[2026-02-17T17:53:03.610+0000] {logging_mixin.py:188} INFO - [2026-02-17T17:53:03.610+0000] {dag.py:3036} INFO - Sync 1 DAGs
[2026-02-17T17:53:03.620+0000] {logging_mixin.py:188} INFO - [2026-02-17T17:53:03.620+0000] {dag.py:3823} INFO - Setting next_dagrun for ingest_telemetry to 2026-02-17 17:50:00+00:00, run_after=2026-02-17 17:55:00+00:00
[2026-02-17T17:53:03.628+0000] {processor.py:183} INFO - Processing /opt/airflow/dags/ingest_telemetry.py took 0.344 seconds
[2026-02-17T17:53:33.766+0000] {processor.py:161} INFO - Started process (PID=821) to work on /opt/airflow/dags/ingest_telemetry.py
[2026-02-17T17:53:33.768+0000] {processor.py:830} INFO - Processing file /opt/airflow/dags/ingest_telemetry.py for tasks to queue
[2026-02-17T17:53:33.771+0000] {logging_mixin.py:188} INFO - [2026-02-17T17:53:33.769+0000] {dagbag.py:538} INFO - Filling up the DagBag from /opt/airflow/dags/ingest_telemetry.py
[2026-02-17T17:53:34.214+0000] {processor.py:840} INFO - DAG(s) 'ingest_telemetry' retrieved from /opt/airflow/dags/ingest_telemetry.py
[2026-02-17T17:53:34.228+0000] {logging_mixin.py:188} INFO - [2026-02-17T17:53:34.227+0000] {dag.py:3036} INFO - Sync 1 DAGs
[2026-02-17T17:53:34.240+0000] {logging_mixin.py:188} INFO - [2026-02-17T17:53:34.240+0000] {dag.py:3823} INFO - Setting next_dagrun for ingest_telemetry to 2026-02-17 17:50:00+00:00, run_after=2026-02-17 17:55:00+00:00
[2026-02-17T17:53:34.249+0000] {processor.py:183} INFO - Processing /opt/airflow/dags/ingest_telemetry.py took 0.491 seconds
[2026-02-17T17:54:04.438+0000] {processor.py:161} INFO - Started process (PID=827) to work on /opt/airflow/dags/ingest_telemetry.py
[2026-02-17T17:54:04.440+0000] {processor.py:830} INFO - Processing file /opt/airflow/dags/ingest_telemetry.py for tasks to queue
[2026-02-17T17:54:04.441+0000] {logging_mixin.py:188} INFO - [2026-02-17T17:54:04.441+0000] {dagbag.py:538} INFO - Filling up the DagBag from /opt/airflow/dags/ingest_telemetry.py
[2026-02-17T17:54:04.753+0000] {processor.py:840} INFO - DAG(s) 'ingest_telemetry' retrieved from /opt/airflow/dags/ingest_telemetry.py
[2026-02-17T17:54:04.766+0000] {logging_mixin.py:188} INFO - [2026-02-17T17:54:04.765+0000] {dag.py:3036} INFO - Sync 1 DAGs
[2026-02-17T17:54:04.777+0000] {logging_mixin.py:188} INFO - [2026-02-17T17:54:04.776+0000] {dag.py:3823} INFO - Setting next_dagrun for ingest_telemetry to 2026-02-17 17:50:00+00:00, run_after=2026-02-17 17:55:00+00:00
[2026-02-17T17:54:04.784+0000] {processor.py:183} INFO - Processing /opt/airflow/dags/ingest_telemetry.py took 0.350 seconds
[2026-02-17T17:54:35.036+0000] {processor.py:161} INFO - Started process (PID=833) to work on /opt/airflow/dags/ingest_telemetry.py
[2026-02-17T17:54:35.038+0000] {processor.py:830} INFO - Processing file /opt/airflow/dags/ingest_telemetry.py for tasks to queue
[2026-02-17T17:54:35.040+0000] {logging_mixin.py:188} INFO - [2026-02-17T17:54:35.039+0000] {dagbag.py:538} INFO - Filling up the DagBag from /opt/airflow/dags/ingest_telemetry.py
[2026-02-17T17:54:35.517+0000] {processor.py:840} INFO - DAG(s) 'ingest_telemetry' retrieved from /opt/airflow/dags/ingest_telemetry.py
[2026-02-17T17:54:35.530+0000] {logging_mixin.py:188} INFO - [2026-02-17T17:54:35.530+0000] {dag.py:3036} INFO - Sync 1 DAGs
[2026-02-17T17:54:35.542+0000] {logging_mixin.py:188} INFO - [2026-02-17T17:54:35.542+0000] {dag.py:3823} INFO - Setting next_dagrun for ingest_telemetry to 2026-02-17 17:50:00+00:00, run_after=2026-02-17 17:55:00+00:00
[2026-02-17T17:54:35.550+0000] {processor.py:183} INFO - Processing /opt/airflow/dags/ingest_telemetry.py took 0.529 seconds
[2026-02-17T17:55:05.982+0000] {processor.py:161} INFO - Started process (PID=845) to work on /opt/airflow/dags/ingest_telemetry.py
[2026-02-17T17:55:05.984+0000] {processor.py:830} INFO - Processing file /opt/airflow/dags/ingest_telemetry.py for tasks to queue
[2026-02-17T17:55:05.985+0000] {logging_mixin.py:188} INFO - [2026-02-17T17:55:05.985+0000] {dagbag.py:538} INFO - Filling up the DagBag from /opt/airflow/dags/ingest_telemetry.py
[2026-02-17T17:55:06.335+0000] {processor.py:840} INFO - DAG(s) 'ingest_telemetry' retrieved from /opt/airflow/dags/ingest_telemetry.py
[2026-02-17T17:55:06.347+0000] {logging_mixin.py:188} INFO - [2026-02-17T17:55:06.347+0000] {dag.py:3036} INFO - Sync 1 DAGs
[2026-02-17T17:55:06.358+0000] {logging_mixin.py:188} INFO - [2026-02-17T17:55:06.358+0000] {dag.py:3823} INFO - Setting next_dagrun for ingest_telemetry to 2026-02-17 17:55:00+00:00, run_after=2026-02-17 18:00:00+00:00
[2026-02-17T17:55:06.367+0000] {processor.py:183} INFO - Processing /opt/airflow/dags/ingest_telemetry.py took 0.391 seconds
[2026-02-17T17:55:36.821+0000] {processor.py:161} INFO - Started process (PID=851) to work on /opt/airflow/dags/ingest_telemetry.py
[2026-02-17T17:55:36.823+0000] {processor.py:830} INFO - Processing file /opt/airflow/dags/ingest_telemetry.py for tasks to queue
[2026-02-17T17:55:36.826+0000] {logging_mixin.py:188} INFO - [2026-02-17T17:55:36.825+0000] {dagbag.py:538} INFO - Filling up the DagBag from /opt/airflow/dags/ingest_telemetry.py
[2026-02-17T17:55:37.260+0000] {processor.py:840} INFO - DAG(s) 'ingest_telemetry' retrieved from /opt/airflow/dags/ingest_telemetry.py
[2026-02-17T17:55:37.273+0000] {logging_mixin.py:188} INFO - [2026-02-17T17:55:37.273+0000] {dag.py:3036} INFO - Sync 1 DAGs
[2026-02-17T17:55:37.285+0000] {logging_mixin.py:188} INFO - [2026-02-17T17:55:37.284+0000] {dag.py:3823} INFO - Setting next_dagrun for ingest_telemetry to 2026-02-17 17:55:00+00:00, run_after=2026-02-17 18:00:00+00:00
[2026-02-17T17:55:37.292+0000] {processor.py:183} INFO - Processing /opt/airflow/dags/ingest_telemetry.py took 0.476 seconds
[2026-02-17T17:56:07.762+0000] {processor.py:161} INFO - Started process (PID=857) to work on /opt/airflow/dags/ingest_telemetry.py
[2026-02-17T17:56:07.764+0000] {processor.py:830} INFO - Processing file /opt/airflow/dags/ingest_telemetry.py for tasks to queue
[2026-02-17T17:56:07.765+0000] {logging_mixin.py:188} INFO - [2026-02-17T17:56:07.764+0000] {dagbag.py:538} INFO - Filling up the DagBag from /opt/airflow/dags/ingest_telemetry.py
[2026-02-17T17:56:08.037+0000] {processor.py:840} INFO - DAG(s) 'ingest_telemetry' retrieved from /opt/airflow/dags/ingest_telemetry.py
[2026-02-17T17:56:08.048+0000] {logging_mixin.py:188} INFO - [2026-02-17T17:56:08.047+0000] {dag.py:3036} INFO - Sync 1 DAGs
[2026-02-17T17:56:08.057+0000] {logging_mixin.py:188} INFO - [2026-02-17T17:56:08.057+0000] {dag.py:3823} INFO - Setting next_dagrun for ingest_telemetry to 2026-02-17 17:55:00+00:00, run_after=2026-02-17 18:00:00+00:00
[2026-02-17T17:56:08.064+0000] {processor.py:183} INFO - Processing /opt/airflow/dags/ingest_telemetry.py took 0.306 seconds
[2026-02-17T17:56:38.187+0000] {processor.py:161} INFO - Started process (PID=863) to work on /opt/airflow/dags/ingest_telemetry.py
[2026-02-17T17:56:38.188+0000] {processor.py:830} INFO - Processing file /opt/airflow/dags/ingest_telemetry.py for tasks to queue
[2026-02-17T17:56:38.189+0000] {logging_mixin.py:188} INFO - [2026-02-17T17:56:38.189+0000] {dagbag.py:538} INFO - Filling up the DagBag from /opt/airflow/dags/ingest_telemetry.py
[2026-02-17T17:56:38.541+0000] {processor.py:840} INFO - DAG(s) 'ingest_telemetry' retrieved from /opt/airflow/dags/ingest_telemetry.py
[2026-02-17T17:56:38.552+0000] {logging_mixin.py:188} INFO - [2026-02-17T17:56:38.552+0000] {dag.py:3036} INFO - Sync 1 DAGs
[2026-02-17T17:56:38.563+0000] {logging_mixin.py:188} INFO - [2026-02-17T17:56:38.563+0000] {dag.py:3823} INFO - Setting next_dagrun for ingest_telemetry to 2026-02-17 17:55:00+00:00, run_after=2026-02-17 18:00:00+00:00
[2026-02-17T17:56:38.570+0000] {processor.py:183} INFO - Processing /opt/airflow/dags/ingest_telemetry.py took 0.389 seconds
[2026-02-17T17:57:08.830+0000] {processor.py:161} INFO - Started process (PID=869) to work on /opt/airflow/dags/ingest_telemetry.py
[2026-02-17T17:57:08.831+0000] {processor.py:830} INFO - Processing file /opt/airflow/dags/ingest_telemetry.py for tasks to queue
[2026-02-17T17:57:08.833+0000] {logging_mixin.py:188} INFO - [2026-02-17T17:57:08.832+0000] {dagbag.py:538} INFO - Filling up the DagBag from /opt/airflow/dags/ingest_telemetry.py
[2026-02-17T17:57:09.100+0000] {processor.py:840} INFO - DAG(s) 'ingest_telemetry' retrieved from /opt/airflow/dags/ingest_telemetry.py
[2026-02-17T17:57:09.110+0000] {logging_mixin.py:188} INFO - [2026-02-17T17:57:09.109+0000] {dag.py:3036} INFO - Sync 1 DAGs
[2026-02-17T17:57:09.119+0000] {logging_mixin.py:188} INFO - [2026-02-17T17:57:09.119+0000] {dag.py:3823} INFO - Setting next_dagrun for ingest_telemetry to 2026-02-17 17:55:00+00:00, run_after=2026-02-17 18:00:00+00:00
[2026-02-17T17:57:09.127+0000] {processor.py:183} INFO - Processing /opt/airflow/dags/ingest_telemetry.py took 0.301 seconds
[2026-02-17T17:57:39.339+0000] {processor.py:161} INFO - Started process (PID=875) to work on /opt/airflow/dags/ingest_telemetry.py
[2026-02-17T17:57:39.341+0000] {processor.py:830} INFO - Processing file /opt/airflow/dags/ingest_telemetry.py for tasks to queue
[2026-02-17T17:57:39.342+0000] {logging_mixin.py:188} INFO - [2026-02-17T17:57:39.342+0000] {dagbag.py:538} INFO - Filling up the DagBag from /opt/airflow/dags/ingest_telemetry.py
[2026-02-17T17:57:39.781+0000] {processor.py:840} INFO - DAG(s) 'ingest_telemetry' retrieved from /opt/airflow/dags/ingest_telemetry.py
[2026-02-17T17:57:39.794+0000] {logging_mixin.py:188} INFO - [2026-02-17T17:57:39.794+0000] {dag.py:3036} INFO - Sync 1 DAGs
[2026-02-17T17:57:39.810+0000] {logging_mixin.py:188} INFO - [2026-02-17T17:57:39.810+0000] {dag.py:3823} INFO - Setting next_dagrun for ingest_telemetry to 2026-02-17 17:55:00+00:00, run_after=2026-02-17 18:00:00+00:00
[2026-02-17T17:57:39.817+0000] {processor.py:183} INFO - Processing /opt/airflow/dags/ingest_telemetry.py took 0.485 seconds
[2026-02-17T17:58:10.241+0000] {processor.py:161} INFO - Started process (PID=881) to work on /opt/airflow/dags/ingest_telemetry.py
[2026-02-17T17:58:10.246+0000] {processor.py:830} INFO - Processing file /opt/airflow/dags/ingest_telemetry.py for tasks to queue
[2026-02-17T17:58:10.251+0000] {logging_mixin.py:188} INFO - [2026-02-17T17:58:10.249+0000] {dagbag.py:538} INFO - Filling up the DagBag from /opt/airflow/dags/ingest_telemetry.py
[2026-02-17T17:58:10.581+0000] {processor.py:840} INFO - DAG(s) 'ingest_telemetry' retrieved from /opt/airflow/dags/ingest_telemetry.py
[2026-02-17T17:58:10.594+0000] {logging_mixin.py:188} INFO - [2026-02-17T17:58:10.593+0000] {dag.py:3036} INFO - Sync 1 DAGs
[2026-02-17T17:58:10.606+0000] {logging_mixin.py:188} INFO - [2026-02-17T17:58:10.606+0000] {dag.py:3823} INFO - Setting next_dagrun for ingest_telemetry to 2026-02-17 17:55:00+00:00, run_after=2026-02-17 18:00:00+00:00
[2026-02-17T17:58:10.614+0000] {processor.py:183} INFO - Processing /opt/airflow/dags/ingest_telemetry.py took 0.391 seconds
[2026-02-17T17:58:40.667+0000] {processor.py:161} INFO - Started process (PID=887) to work on /opt/airflow/dags/ingest_telemetry.py
[2026-02-17T17:58:40.669+0000] {processor.py:830} INFO - Processing file /opt/airflow/dags/ingest_telemetry.py for tasks to queue
[2026-02-17T17:58:40.670+0000] {logging_mixin.py:188} INFO - [2026-02-17T17:58:40.670+0000] {dagbag.py:538} INFO - Filling up the DagBag from /opt/airflow/dags/ingest_telemetry.py
[2026-02-17T17:58:41.136+0000] {processor.py:840} INFO - DAG(s) 'ingest_telemetry' retrieved from /opt/airflow/dags/ingest_telemetry.py
[2026-02-17T17:58:41.150+0000] {logging_mixin.py:188} INFO - [2026-02-17T17:58:41.150+0000] {dag.py:3036} INFO - Sync 1 DAGs
[2026-02-17T17:58:41.162+0000] {logging_mixin.py:188} INFO - [2026-02-17T17:58:41.162+0000] {dag.py:3823} INFO - Setting next_dagrun for ingest_telemetry to 2026-02-17 17:55:00+00:00, run_after=2026-02-17 18:00:00+00:00
[2026-02-17T17:58:41.170+0000] {processor.py:183} INFO - Processing /opt/airflow/dags/ingest_telemetry.py took 0.508 seconds
[2026-02-17T17:59:11.379+0000] {processor.py:161} INFO - Started process (PID=893) to work on /opt/airflow/dags/ingest_telemetry.py
[2026-02-17T17:59:11.381+0000] {processor.py:830} INFO - Processing file /opt/airflow/dags/ingest_telemetry.py for tasks to queue
[2026-02-17T17:59:11.382+0000] {logging_mixin.py:188} INFO - [2026-02-17T17:59:11.382+0000] {dagbag.py:538} INFO - Filling up the DagBag from /opt/airflow/dags/ingest_telemetry.py
[2026-02-17T17:59:11.649+0000] {processor.py:840} INFO - DAG(s) 'ingest_telemetry' retrieved from /opt/airflow/dags/ingest_telemetry.py
[2026-02-17T17:59:11.660+0000] {logging_mixin.py:188} INFO - [2026-02-17T17:59:11.659+0000] {dag.py:3036} INFO - Sync 1 DAGs
[2026-02-17T17:59:11.670+0000] {logging_mixin.py:188} INFO - [2026-02-17T17:59:11.670+0000] {dag.py:3823} INFO - Setting next_dagrun for ingest_telemetry to 2026-02-17 17:55:00+00:00, run_after=2026-02-17 18:00:00+00:00
[2026-02-17T17:59:11.678+0000] {processor.py:183} INFO - Processing /opt/airflow/dags/ingest_telemetry.py took 0.303 seconds
[2026-02-17T17:59:41.787+0000] {processor.py:161} INFO - Started process (PID=899) to work on /opt/airflow/dags/ingest_telemetry.py
[2026-02-17T17:59:41.788+0000] {processor.py:830} INFO - Processing file /opt/airflow/dags/ingest_telemetry.py for tasks to queue
[2026-02-17T17:59:41.790+0000] {logging_mixin.py:188} INFO - [2026-02-17T17:59:41.789+0000] {dagbag.py:538} INFO - Filling up the DagBag from /opt/airflow/dags/ingest_telemetry.py
[2026-02-17T17:59:42.217+0000] {processor.py:840} INFO - DAG(s) 'ingest_telemetry' retrieved from /opt/airflow/dags/ingest_telemetry.py
[2026-02-17T17:59:42.228+0000] {logging_mixin.py:188} INFO - [2026-02-17T17:59:42.228+0000] {dag.py:3036} INFO - Sync 1 DAGs
[2026-02-17T17:59:42.242+0000] {logging_mixin.py:188} INFO - [2026-02-17T17:59:42.242+0000] {dag.py:3823} INFO - Setting next_dagrun for ingest_telemetry to 2026-02-17 17:55:00+00:00, run_after=2026-02-17 18:00:00+00:00
[2026-02-17T17:59:42.251+0000] {processor.py:183} INFO - Processing /opt/airflow/dags/ingest_telemetry.py took 0.471 seconds
[2026-02-17T18:00:12.494+0000] {processor.py:161} INFO - Started process (PID=911) to work on /opt/airflow/dags/ingest_telemetry.py
[2026-02-17T18:00:12.497+0000] {processor.py:830} INFO - Processing file /opt/airflow/dags/ingest_telemetry.py for tasks to queue
[2026-02-17T18:00:12.498+0000] {logging_mixin.py:188} INFO - [2026-02-17T18:00:12.498+0000] {dagbag.py:538} INFO - Filling up the DagBag from /opt/airflow/dags/ingest_telemetry.py
[2026-02-17T18:00:12.795+0000] {processor.py:840} INFO - DAG(s) 'ingest_telemetry' retrieved from /opt/airflow/dags/ingest_telemetry.py
[2026-02-17T18:00:12.807+0000] {logging_mixin.py:188} INFO - [2026-02-17T18:00:12.806+0000] {dag.py:3036} INFO - Sync 1 DAGs
[2026-02-17T18:00:12.818+0000] {logging_mixin.py:188} INFO - [2026-02-17T18:00:12.818+0000] {dag.py:3823} INFO - Setting next_dagrun for ingest_telemetry to 2026-02-17 18:00:00+00:00, run_after=2026-02-17 18:05:00+00:00
[2026-02-17T18:00:12.826+0000] {processor.py:183} INFO - Processing /opt/airflow/dags/ingest_telemetry.py took 0.336 seconds
[2026-02-17T18:00:43.019+0000] {processor.py:161} INFO - Started process (PID=917) to work on /opt/airflow/dags/ingest_telemetry.py
[2026-02-17T18:00:43.022+0000] {processor.py:830} INFO - Processing file /opt/airflow/dags/ingest_telemetry.py for tasks to queue
[2026-02-17T18:00:43.024+0000] {logging_mixin.py:188} INFO - [2026-02-17T18:00:43.023+0000] {dagbag.py:538} INFO - Filling up the DagBag from /opt/airflow/dags/ingest_telemetry.py
[2026-02-17T18:00:43.509+0000] {processor.py:840} INFO - DAG(s) 'ingest_telemetry' retrieved from /opt/airflow/dags/ingest_telemetry.py
[2026-02-17T18:00:43.523+0000] {logging_mixin.py:188} INFO - [2026-02-17T18:00:43.523+0000] {dag.py:3036} INFO - Sync 1 DAGs
[2026-02-17T18:00:43.535+0000] {logging_mixin.py:188} INFO - [2026-02-17T18:00:43.535+0000] {dag.py:3823} INFO - Setting next_dagrun for ingest_telemetry to 2026-02-17 18:00:00+00:00, run_after=2026-02-17 18:05:00+00:00
[2026-02-17T18:00:43.543+0000] {processor.py:183} INFO - Processing /opt/airflow/dags/ingest_telemetry.py took 0.533 seconds
[2026-02-17T18:01:13.625+0000] {processor.py:161} INFO - Started process (PID=923) to work on /opt/airflow/dags/ingest_telemetry.py
[2026-02-17T18:01:13.627+0000] {processor.py:830} INFO - Processing file /opt/airflow/dags/ingest_telemetry.py for tasks to queue
[2026-02-17T18:01:13.628+0000] {logging_mixin.py:188} INFO - [2026-02-17T18:01:13.628+0000] {dagbag.py:538} INFO - Filling up the DagBag from /opt/airflow/dags/ingest_telemetry.py
[2026-02-17T18:01:13.903+0000] {processor.py:840} INFO - DAG(s) 'ingest_telemetry' retrieved from /opt/airflow/dags/ingest_telemetry.py
[2026-02-17T18:01:13.914+0000] {logging_mixin.py:188} INFO - [2026-02-17T18:01:13.914+0000] {dag.py:3036} INFO - Sync 1 DAGs
[2026-02-17T18:01:13.924+0000] {logging_mixin.py:188} INFO - [2026-02-17T18:01:13.924+0000] {dag.py:3823} INFO - Setting next_dagrun for ingest_telemetry to 2026-02-17 18:00:00+00:00, run_after=2026-02-17 18:05:00+00:00
[2026-02-17T18:01:13.932+0000] {processor.py:183} INFO - Processing /opt/airflow/dags/ingest_telemetry.py took 0.311 seconds
[2026-02-17T18:01:44.177+0000] {processor.py:161} INFO - Started process (PID=929) to work on /opt/airflow/dags/ingest_telemetry.py
[2026-02-17T18:01:44.178+0000] {processor.py:830} INFO - Processing file /opt/airflow/dags/ingest_telemetry.py for tasks to queue
[2026-02-17T18:01:44.180+0000] {logging_mixin.py:188} INFO - [2026-02-17T18:01:44.179+0000] {dagbag.py:538} INFO - Filling up the DagBag from /opt/airflow/dags/ingest_telemetry.py
[2026-02-17T18:01:44.484+0000] {processor.py:840} INFO - DAG(s) 'ingest_telemetry' retrieved from /opt/airflow/dags/ingest_telemetry.py
[2026-02-17T18:01:44.494+0000] {logging_mixin.py:188} INFO - [2026-02-17T18:01:44.494+0000] {dag.py:3036} INFO - Sync 1 DAGs
[2026-02-17T18:01:44.505+0000] {logging_mixin.py:188} INFO - [2026-02-17T18:01:44.505+0000] {dag.py:3823} INFO - Setting next_dagrun for ingest_telemetry to 2026-02-17 18:00:00+00:00, run_after=2026-02-17 18:05:00+00:00
[2026-02-17T18:01:44.513+0000] {processor.py:183} INFO - Processing /opt/airflow/dags/ingest_telemetry.py took 0.343 seconds
[2026-02-17T18:02:14.580+0000] {processor.py:161} INFO - Started process (PID=935) to work on /opt/airflow/dags/ingest_telemetry.py
[2026-02-17T18:02:14.581+0000] {processor.py:830} INFO - Processing file /opt/airflow/dags/ingest_telemetry.py for tasks to queue
[2026-02-17T18:02:14.582+0000] {logging_mixin.py:188} INFO - [2026-02-17T18:02:14.582+0000] {dagbag.py:538} INFO - Filling up the DagBag from /opt/airflow/dags/ingest_telemetry.py
[2026-02-17T18:02:14.898+0000] {processor.py:840} INFO - DAG(s) 'ingest_telemetry' retrieved from /opt/airflow/dags/ingest_telemetry.py
[2026-02-17T18:02:14.909+0000] {logging_mixin.py:188} INFO - [2026-02-17T18:02:14.908+0000] {dag.py:3036} INFO - Sync 1 DAGs
[2026-02-17T18:02:14.918+0000] {logging_mixin.py:188} INFO - [2026-02-17T18:02:14.918+0000] {dag.py:3823} INFO - Setting next_dagrun for ingest_telemetry to 2026-02-17 18:00:00+00:00, run_after=2026-02-17 18:05:00+00:00
[2026-02-17T18:02:14.926+0000] {processor.py:183} INFO - Processing /opt/airflow/dags/ingest_telemetry.py took 0.352 seconds
[2026-02-17T18:02:45.306+0000] {processor.py:161} INFO - Started process (PID=947) to work on /opt/airflow/dags/ingest_telemetry.py
[2026-02-17T18:02:45.308+0000] {processor.py:830} INFO - Processing file /opt/airflow/dags/ingest_telemetry.py for tasks to queue
[2026-02-17T18:02:45.309+0000] {logging_mixin.py:188} INFO - [2026-02-17T18:02:45.309+0000] {dagbag.py:538} INFO - Filling up the DagBag from /opt/airflow/dags/ingest_telemetry.py
[2026-02-17T18:02:45.583+0000] {processor.py:840} INFO - DAG(s) 'ingest_telemetry' retrieved from /opt/airflow/dags/ingest_telemetry.py
[2026-02-17T18:02:45.593+0000] {logging_mixin.py:188} INFO - [2026-02-17T18:02:45.592+0000] {dag.py:3036} INFO - Sync 1 DAGs
[2026-02-17T18:02:45.602+0000] {logging_mixin.py:188} INFO - [2026-02-17T18:02:45.602+0000] {dag.py:3823} INFO - Setting next_dagrun for ingest_telemetry to 2026-02-17 18:00:00+00:00, run_after=2026-02-17 18:05:00+00:00
[2026-02-17T18:02:45.609+0000] {processor.py:183} INFO - Processing /opt/airflow/dags/ingest_telemetry.py took 0.307 seconds
[2026-02-17T18:03:15.820+0000] {processor.py:161} INFO - Started process (PID=953) to work on /opt/airflow/dags/ingest_telemetry.py
[2026-02-17T18:03:15.823+0000] {processor.py:830} INFO - Processing file /opt/airflow/dags/ingest_telemetry.py for tasks to queue
[2026-02-17T18:03:15.828+0000] {logging_mixin.py:188} INFO - [2026-02-17T18:03:15.826+0000] {dagbag.py:538} INFO - Filling up the DagBag from /opt/airflow/dags/ingest_telemetry.py
[2026-02-17T18:03:17.879+0000] {processor.py:840} INFO - DAG(s) 'ingest_telemetry' retrieved from /opt/airflow/dags/ingest_telemetry.py
[2026-02-17T18:03:17.898+0000] {logging_mixin.py:188} INFO - [2026-02-17T18:03:17.898+0000] {dag.py:3036} INFO - Sync 1 DAGs
[2026-02-17T18:03:17.915+0000] {logging_mixin.py:188} INFO - [2026-02-17T18:03:17.914+0000] {dag.py:3823} INFO - Setting next_dagrun for ingest_telemetry to 2026-02-17 18:00:00+00:00, run_after=2026-02-17 18:05:00+00:00
[2026-02-17T18:03:17.926+0000] {processor.py:183} INFO - Processing /opt/airflow/dags/ingest_telemetry.py took 2.282 seconds
[2026-02-17T18:03:48.410+0000] {processor.py:161} INFO - Started process (PID=959) to work on /opt/airflow/dags/ingest_telemetry.py
[2026-02-17T18:03:48.411+0000] {processor.py:830} INFO - Processing file /opt/airflow/dags/ingest_telemetry.py for tasks to queue
[2026-02-17T18:03:48.413+0000] {logging_mixin.py:188} INFO - [2026-02-17T18:03:48.412+0000] {dagbag.py:538} INFO - Filling up the DagBag from /opt/airflow/dags/ingest_telemetry.py
[2026-02-17T18:03:48.870+0000] {processor.py:840} INFO - DAG(s) 'ingest_telemetry' retrieved from /opt/airflow/dags/ingest_telemetry.py
[2026-02-17T18:03:48.883+0000] {logging_mixin.py:188} INFO - [2026-02-17T18:03:48.883+0000] {dag.py:3036} INFO - Sync 1 DAGs
[2026-02-17T18:03:48.894+0000] {logging_mixin.py:188} INFO - [2026-02-17T18:03:48.894+0000] {dag.py:3823} INFO - Setting next_dagrun for ingest_telemetry to 2026-02-17 18:00:00+00:00, run_after=2026-02-17 18:05:00+00:00
[2026-02-17T18:03:48.902+0000] {processor.py:183} INFO - Processing /opt/airflow/dags/ingest_telemetry.py took 0.502 seconds
[2026-02-17T18:04:19.573+0000] {processor.py:161} INFO - Started process (PID=965) to work on /opt/airflow/dags/ingest_telemetry.py
[2026-02-17T18:04:19.574+0000] {processor.py:830} INFO - Processing file /opt/airflow/dags/ingest_telemetry.py for tasks to queue
[2026-02-17T18:04:19.576+0000] {logging_mixin.py:188} INFO - [2026-02-17T18:04:19.575+0000] {dagbag.py:538} INFO - Filling up the DagBag from /opt/airflow/dags/ingest_telemetry.py
[2026-02-17T18:04:20.039+0000] {processor.py:840} INFO - DAG(s) 'ingest_telemetry' retrieved from /opt/airflow/dags/ingest_telemetry.py
[2026-02-17T18:04:20.056+0000] {logging_mixin.py:188} INFO - [2026-02-17T18:04:20.055+0000] {dag.py:3036} INFO - Sync 1 DAGs
[2026-02-17T18:04:20.067+0000] {logging_mixin.py:188} INFO - [2026-02-17T18:04:20.067+0000] {dag.py:3823} INFO - Setting next_dagrun for ingest_telemetry to 2026-02-17 18:00:00+00:00, run_after=2026-02-17 18:05:00+00:00
[2026-02-17T18:04:20.077+0000] {processor.py:183} INFO - Processing /opt/airflow/dags/ingest_telemetry.py took 0.511 seconds
[2026-02-17T18:04:50.377+0000] {processor.py:161} INFO - Started process (PID=971) to work on /opt/airflow/dags/ingest_telemetry.py
[2026-02-17T18:04:50.378+0000] {processor.py:830} INFO - Processing file /opt/airflow/dags/ingest_telemetry.py for tasks to queue
[2026-02-17T18:04:50.380+0000] {logging_mixin.py:188} INFO - [2026-02-17T18:04:50.379+0000] {dagbag.py:538} INFO - Filling up the DagBag from /opt/airflow/dags/ingest_telemetry.py
[2026-02-17T18:04:50.755+0000] {processor.py:840} INFO - DAG(s) 'ingest_telemetry' retrieved from /opt/airflow/dags/ingest_telemetry.py
[2026-02-17T18:04:50.768+0000] {logging_mixin.py:188} INFO - [2026-02-17T18:04:50.768+0000] {dag.py:3036} INFO - Sync 1 DAGs
[2026-02-17T18:04:50.778+0000] {logging_mixin.py:188} INFO - [2026-02-17T18:04:50.778+0000] {dag.py:3823} INFO - Setting next_dagrun for ingest_telemetry to 2026-02-17 18:00:00+00:00, run_after=2026-02-17 18:05:00+00:00
[2026-02-17T18:04:50.786+0000] {processor.py:183} INFO - Processing /opt/airflow/dags/ingest_telemetry.py took 0.419 seconds
[2026-02-17T18:05:21.140+0000] {processor.py:161} INFO - Started process (PID=983) to work on /opt/airflow/dags/ingest_telemetry.py
[2026-02-17T18:05:21.142+0000] {processor.py:830} INFO - Processing file /opt/airflow/dags/ingest_telemetry.py for tasks to queue
[2026-02-17T18:05:21.144+0000] {logging_mixin.py:188} INFO - [2026-02-17T18:05:21.142+0000] {dagbag.py:538} INFO - Filling up the DagBag from /opt/airflow/dags/ingest_telemetry.py
[2026-02-17T18:05:21.616+0000] {processor.py:840} INFO - DAG(s) 'ingest_telemetry' retrieved from /opt/airflow/dags/ingest_telemetry.py
[2026-02-17T18:05:21.630+0000] {logging_mixin.py:188} INFO - [2026-02-17T18:05:21.630+0000] {dag.py:3036} INFO - Sync 1 DAGs
[2026-02-17T18:05:21.642+0000] {logging_mixin.py:188} INFO - [2026-02-17T18:05:21.642+0000] {dag.py:3823} INFO - Setting next_dagrun for ingest_telemetry to 2026-02-17 18:05:00+00:00, run_after=2026-02-17 18:10:00+00:00
[2026-02-17T18:05:21.650+0000] {processor.py:183} INFO - Processing /opt/airflow/dags/ingest_telemetry.py took 0.517 seconds
[2026-02-17T18:05:51.942+0000] {processor.py:161} INFO - Started process (PID=989) to work on /opt/airflow/dags/ingest_telemetry.py
[2026-02-17T18:05:51.943+0000] {processor.py:830} INFO - Processing file /opt/airflow/dags/ingest_telemetry.py for tasks to queue
[2026-02-17T18:05:51.944+0000] {logging_mixin.py:188} INFO - [2026-02-17T18:05:51.944+0000] {dagbag.py:538} INFO - Filling up the DagBag from /opt/airflow/dags/ingest_telemetry.py
[2026-02-17T18:05:52.246+0000] {processor.py:840} INFO - DAG(s) 'ingest_telemetry' retrieved from /opt/airflow/dags/ingest_telemetry.py
[2026-02-17T18:05:52.258+0000] {logging_mixin.py:188} INFO - [2026-02-17T18:05:52.257+0000] {dag.py:3036} INFO - Sync 1 DAGs
[2026-02-17T18:05:52.268+0000] {logging_mixin.py:188} INFO - [2026-02-17T18:05:52.268+0000] {dag.py:3823} INFO - Setting next_dagrun for ingest_telemetry to 2026-02-17 18:05:00+00:00, run_after=2026-02-17 18:10:00+00:00
[2026-02-17T18:05:52.275+0000] {processor.py:183} INFO - Processing /opt/airflow/dags/ingest_telemetry.py took 0.337 seconds
[2026-02-17T18:06:22.323+0000] {processor.py:161} INFO - Started process (PID=995) to work on /opt/airflow/dags/ingest_telemetry.py
[2026-02-17T18:06:22.326+0000] {processor.py:830} INFO - Processing file /opt/airflow/dags/ingest_telemetry.py for tasks to queue
[2026-02-17T18:06:22.327+0000] {logging_mixin.py:188} INFO - [2026-02-17T18:06:22.327+0000] {dagbag.py:538} INFO - Filling up the DagBag from /opt/airflow/dags/ingest_telemetry.py
[2026-02-17T18:06:22.768+0000] {processor.py:840} INFO - DAG(s) 'ingest_telemetry' retrieved from /opt/airflow/dags/ingest_telemetry.py
[2026-02-17T18:06:22.780+0000] {logging_mixin.py:188} INFO - [2026-02-17T18:06:22.780+0000] {dag.py:3036} INFO - Sync 1 DAGs
[2026-02-17T18:06:22.792+0000] {logging_mixin.py:188} INFO - [2026-02-17T18:06:22.792+0000] {dag.py:3823} INFO - Setting next_dagrun for ingest_telemetry to 2026-02-17 18:05:00+00:00, run_after=2026-02-17 18:10:00+00:00
[2026-02-17T18:06:22.802+0000] {processor.py:183} INFO - Processing /opt/airflow/dags/ingest_telemetry.py took 0.487 seconds
[2026-02-17T18:06:53.141+0000] {processor.py:161} INFO - Started process (PID=1001) to work on /opt/airflow/dags/ingest_telemetry.py
[2026-02-17T18:06:53.143+0000] {processor.py:830} INFO - Processing file /opt/airflow/dags/ingest_telemetry.py for tasks to queue
[2026-02-17T18:06:53.144+0000] {logging_mixin.py:188} INFO - [2026-02-17T18:06:53.144+0000] {dagbag.py:538} INFO - Filling up the DagBag from /opt/airflow/dags/ingest_telemetry.py
[2026-02-17T18:06:53.677+0000] {processor.py:840} INFO - DAG(s) 'ingest_telemetry' retrieved from /opt/airflow/dags/ingest_telemetry.py
[2026-02-17T18:06:53.689+0000] {logging_mixin.py:188} INFO - [2026-02-17T18:06:53.689+0000] {dag.py:3036} INFO - Sync 1 DAGs
[2026-02-17T18:06:53.700+0000] {logging_mixin.py:188} INFO - [2026-02-17T18:06:53.699+0000] {dag.py:3823} INFO - Setting next_dagrun for ingest_telemetry to 2026-02-17 18:05:00+00:00, run_after=2026-02-17 18:10:00+00:00
[2026-02-17T18:06:53.707+0000] {processor.py:183} INFO - Processing /opt/airflow/dags/ingest_telemetry.py took 0.571 seconds
[2026-02-17T18:07:24.006+0000] {processor.py:161} INFO - Started process (PID=1007) to work on /opt/airflow/dags/ingest_telemetry.py
[2026-02-17T18:07:24.007+0000] {processor.py:830} INFO - Processing file /opt/airflow/dags/ingest_telemetry.py for tasks to queue
[2026-02-17T18:07:24.009+0000] {logging_mixin.py:188} INFO - [2026-02-17T18:07:24.008+0000] {dagbag.py:538} INFO - Filling up the DagBag from /opt/airflow/dags/ingest_telemetry.py
[2026-02-17T18:07:24.465+0000] {processor.py:840} INFO - DAG(s) 'ingest_telemetry' retrieved from /opt/airflow/dags/ingest_telemetry.py
[2026-02-17T18:07:24.478+0000] {logging_mixin.py:188} INFO - [2026-02-17T18:07:24.478+0000] {dag.py:3036} INFO - Sync 1 DAGs
[2026-02-17T18:07:24.489+0000] {logging_mixin.py:188} INFO - [2026-02-17T18:07:24.489+0000] {dag.py:3823} INFO - Setting next_dagrun for ingest_telemetry to 2026-02-17 18:05:00+00:00, run_after=2026-02-17 18:10:00+00:00
[2026-02-17T18:07:24.498+0000] {processor.py:183} INFO - Processing /opt/airflow/dags/ingest_telemetry.py took 0.500 seconds
[2026-02-17T18:07:54.870+0000] {processor.py:161} INFO - Started process (PID=1013) to work on /opt/airflow/dags/ingest_telemetry.py
[2026-02-17T18:07:54.873+0000] {processor.py:830} INFO - Processing file /opt/airflow/dags/ingest_telemetry.py for tasks to queue
[2026-02-17T18:07:54.874+0000] {logging_mixin.py:188} INFO - [2026-02-17T18:07:54.873+0000] {dagbag.py:538} INFO - Filling up the DagBag from /opt/airflow/dags/ingest_telemetry.py
[2026-02-17T18:07:55.179+0000] {processor.py:840} INFO - DAG(s) 'ingest_telemetry' retrieved from /opt/airflow/dags/ingest_telemetry.py
[2026-02-17T18:07:55.189+0000] {logging_mixin.py:188} INFO - [2026-02-17T18:07:55.189+0000] {dag.py:3036} INFO - Sync 1 DAGs
[2026-02-17T18:07:55.199+0000] {logging_mixin.py:188} INFO - [2026-02-17T18:07:55.199+0000] {dag.py:3823} INFO - Setting next_dagrun for ingest_telemetry to 2026-02-17 18:05:00+00:00, run_after=2026-02-17 18:10:00+00:00
[2026-02-17T18:07:55.206+0000] {processor.py:183} INFO - Processing /opt/airflow/dags/ingest_telemetry.py took 0.343 seconds
[2026-02-17T18:08:25.344+0000] {processor.py:161} INFO - Started process (PID=1019) to work on /opt/airflow/dags/ingest_telemetry.py
[2026-02-17T18:08:25.347+0000] {processor.py:830} INFO - Processing file /opt/airflow/dags/ingest_telemetry.py for tasks to queue
[2026-02-17T18:08:25.348+0000] {logging_mixin.py:188} INFO - [2026-02-17T18:08:25.347+0000] {dagbag.py:538} INFO - Filling up the DagBag from /opt/airflow/dags/ingest_telemetry.py
[2026-02-17T18:08:25.791+0000] {processor.py:840} INFO - DAG(s) 'ingest_telemetry' retrieved from /opt/airflow/dags/ingest_telemetry.py
[2026-02-17T18:08:25.807+0000] {logging_mixin.py:188} INFO - [2026-02-17T18:08:25.806+0000] {dag.py:3036} INFO - Sync 1 DAGs
[2026-02-17T18:08:25.818+0000] {logging_mixin.py:188} INFO - [2026-02-17T18:08:25.818+0000] {dag.py:3823} INFO - Setting next_dagrun for ingest_telemetry to 2026-02-17 18:05:00+00:00, run_after=2026-02-17 18:10:00+00:00
[2026-02-17T18:08:25.827+0000] {processor.py:183} INFO - Processing /opt/airflow/dags/ingest_telemetry.py took 0.490 seconds
[2026-02-17T18:08:55.908+0000] {processor.py:161} INFO - Started process (PID=1025) to work on /opt/airflow/dags/ingest_telemetry.py
[2026-02-17T18:08:55.910+0000] {processor.py:830} INFO - Processing file /opt/airflow/dags/ingest_telemetry.py for tasks to queue
[2026-02-17T18:08:55.911+0000] {logging_mixin.py:188} INFO - [2026-02-17T18:08:55.911+0000] {dagbag.py:538} INFO - Filling up the DagBag from /opt/airflow/dags/ingest_telemetry.py
[2026-02-17T18:08:56.216+0000] {processor.py:840} INFO - DAG(s) 'ingest_telemetry' retrieved from /opt/airflow/dags/ingest_telemetry.py
[2026-02-17T18:08:56.226+0000] {logging_mixin.py:188} INFO - [2026-02-17T18:08:56.226+0000] {dag.py:3036} INFO - Sync 1 DAGs
[2026-02-17T18:08:56.236+0000] {logging_mixin.py:188} INFO - [2026-02-17T18:08:56.236+0000] {dag.py:3823} INFO - Setting next_dagrun for ingest_telemetry to 2026-02-17 18:05:00+00:00, run_after=2026-02-17 18:10:00+00:00
[2026-02-17T18:08:56.243+0000] {processor.py:183} INFO - Processing /opt/airflow/dags/ingest_telemetry.py took 0.342 seconds
[2026-02-17T18:09:26.470+0000] {processor.py:161} INFO - Started process (PID=1031) to work on /opt/airflow/dags/ingest_telemetry.py
[2026-02-17T18:09:26.471+0000] {processor.py:830} INFO - Processing file /opt/airflow/dags/ingest_telemetry.py for tasks to queue
[2026-02-17T18:09:26.473+0000] {logging_mixin.py:188} INFO - [2026-02-17T18:09:26.472+0000] {dagbag.py:538} INFO - Filling up the DagBag from /opt/airflow/dags/ingest_telemetry.py
[2026-02-17T18:09:26.916+0000] {processor.py:840} INFO - DAG(s) 'ingest_telemetry' retrieved from /opt/airflow/dags/ingest_telemetry.py
[2026-02-17T18:09:26.928+0000] {logging_mixin.py:188} INFO - [2026-02-17T18:09:26.928+0000] {dag.py:3036} INFO - Sync 1 DAGs
[2026-02-17T18:09:26.940+0000] {logging_mixin.py:188} INFO - [2026-02-17T18:09:26.940+0000] {dag.py:3823} INFO - Setting next_dagrun for ingest_telemetry to 2026-02-17 18:05:00+00:00, run_after=2026-02-17 18:10:00+00:00
[2026-02-17T18:09:26.950+0000] {processor.py:183} INFO - Processing /opt/airflow/dags/ingest_telemetry.py took 0.486 seconds
[2026-02-17T18:09:57.282+0000] {processor.py:161} INFO - Started process (PID=1037) to work on /opt/airflow/dags/ingest_telemetry.py
[2026-02-17T18:09:57.284+0000] {processor.py:830} INFO - Processing file /opt/airflow/dags/ingest_telemetry.py for tasks to queue
[2026-02-17T18:09:57.285+0000] {logging_mixin.py:188} INFO - [2026-02-17T18:09:57.285+0000] {dagbag.py:538} INFO - Filling up the DagBag from /opt/airflow/dags/ingest_telemetry.py
[2026-02-17T18:09:57.632+0000] {processor.py:840} INFO - DAG(s) 'ingest_telemetry' retrieved from /opt/airflow/dags/ingest_telemetry.py
[2026-02-17T18:09:57.643+0000] {logging_mixin.py:188} INFO - [2026-02-17T18:09:57.643+0000] {dag.py:3036} INFO - Sync 1 DAGs
[2026-02-17T18:09:57.654+0000] {logging_mixin.py:188} INFO - [2026-02-17T18:09:57.654+0000] {dag.py:3823} INFO - Setting next_dagrun for ingest_telemetry to 2026-02-17 18:05:00+00:00, run_after=2026-02-17 18:10:00+00:00
[2026-02-17T18:09:57.662+0000] {processor.py:183} INFO - Processing /opt/airflow/dags/ingest_telemetry.py took 0.388 seconds
[2026-02-17T18:10:28.019+0000] {processor.py:161} INFO - Started process (PID=1049) to work on /opt/airflow/dags/ingest_telemetry.py
[2026-02-17T18:10:28.022+0000] {processor.py:830} INFO - Processing file /opt/airflow/dags/ingest_telemetry.py for tasks to queue
[2026-02-17T18:10:28.023+0000] {logging_mixin.py:188} INFO - [2026-02-17T18:10:28.023+0000] {dagbag.py:538} INFO - Filling up the DagBag from /opt/airflow/dags/ingest_telemetry.py
[2026-02-17T18:10:28.502+0000] {processor.py:840} INFO - DAG(s) 'ingest_telemetry' retrieved from /opt/airflow/dags/ingest_telemetry.py
[2026-02-17T18:10:28.518+0000] {logging_mixin.py:188} INFO - [2026-02-17T18:10:28.517+0000] {dag.py:3036} INFO - Sync 1 DAGs
[2026-02-17T18:10:28.532+0000] {logging_mixin.py:188} INFO - [2026-02-17T18:10:28.532+0000] {dag.py:3823} INFO - Setting next_dagrun for ingest_telemetry to 2026-02-17 18:10:00+00:00, run_after=2026-02-17 18:15:00+00:00
[2026-02-17T18:10:28.540+0000] {processor.py:183} INFO - Processing /opt/airflow/dags/ingest_telemetry.py took 0.527 seconds
[2026-02-17T18:10:58.886+0000] {processor.py:161} INFO - Started process (PID=1055) to work on /opt/airflow/dags/ingest_telemetry.py
[2026-02-17T18:10:58.895+0000] {processor.py:830} INFO - Processing file /opt/airflow/dags/ingest_telemetry.py for tasks to queue
[2026-02-17T18:10:58.900+0000] {logging_mixin.py:188} INFO - [2026-02-17T18:10:58.899+0000] {dagbag.py:538} INFO - Filling up the DagBag from /opt/airflow/dags/ingest_telemetry.py
[2026-02-17T18:10:59.313+0000] {processor.py:840} INFO - DAG(s) 'ingest_telemetry' retrieved from /opt/airflow/dags/ingest_telemetry.py
[2026-02-17T18:10:59.325+0000] {logging_mixin.py:188} INFO - [2026-02-17T18:10:59.325+0000] {dag.py:3036} INFO - Sync 1 DAGs
[2026-02-17T18:10:59.335+0000] {logging_mixin.py:188} INFO - [2026-02-17T18:10:59.335+0000] {dag.py:3823} INFO - Setting next_dagrun for ingest_telemetry to 2026-02-17 18:10:00+00:00, run_after=2026-02-17 18:15:00+00:00
[2026-02-17T18:10:59.343+0000] {processor.py:183} INFO - Processing /opt/airflow/dags/ingest_telemetry.py took 0.464 seconds
[2026-02-17T18:11:29.716+0000] {processor.py:161} INFO - Started process (PID=1061) to work on /opt/airflow/dags/ingest_telemetry.py
[2026-02-17T18:11:29.717+0000] {processor.py:830} INFO - Processing file /opt/airflow/dags/ingest_telemetry.py for tasks to queue
[2026-02-17T18:11:29.719+0000] {logging_mixin.py:188} INFO - [2026-02-17T18:11:29.718+0000] {dagbag.py:538} INFO - Filling up the DagBag from /opt/airflow/dags/ingest_telemetry.py
[2026-02-17T18:11:30.188+0000] {processor.py:840} INFO - DAG(s) 'ingest_telemetry' retrieved from /opt/airflow/dags/ingest_telemetry.py
[2026-02-17T18:11:30.209+0000] {logging_mixin.py:188} INFO - [2026-02-17T18:11:30.209+0000] {dag.py:3036} INFO - Sync 1 DAGs
[2026-02-17T18:11:30.221+0000] {logging_mixin.py:188} INFO - [2026-02-17T18:11:30.221+0000] {dag.py:3823} INFO - Setting next_dagrun for ingest_telemetry to 2026-02-17 18:10:00+00:00, run_after=2026-02-17 18:15:00+00:00
[2026-02-17T18:11:30.235+0000] {processor.py:183} INFO - Processing /opt/airflow/dags/ingest_telemetry.py took 0.524 seconds
[2026-02-17T18:12:00.561+0000] {processor.py:161} INFO - Started process (PID=1067) to work on /opt/airflow/dags/ingest_telemetry.py
[2026-02-17T18:12:00.562+0000] {processor.py:830} INFO - Processing file /opt/airflow/dags/ingest_telemetry.py for tasks to queue
[2026-02-17T18:12:00.564+0000] {logging_mixin.py:188} INFO - [2026-02-17T18:12:00.563+0000] {dagbag.py:538} INFO - Filling up the DagBag from /opt/airflow/dags/ingest_telemetry.py
[2026-02-17T18:12:00.959+0000] {processor.py:840} INFO - DAG(s) 'ingest_telemetry' retrieved from /opt/airflow/dags/ingest_telemetry.py
[2026-02-17T18:12:00.973+0000] {logging_mixin.py:188} INFO - [2026-02-17T18:12:00.973+0000] {dag.py:3036} INFO - Sync 1 DAGs
[2026-02-17T18:12:00.984+0000] {logging_mixin.py:188} INFO - [2026-02-17T18:12:00.984+0000] {dag.py:3823} INFO - Setting next_dagrun for ingest_telemetry to 2026-02-17 18:10:00+00:00, run_after=2026-02-17 18:15:00+00:00
[2026-02-17T18:12:00.993+0000] {processor.py:183} INFO - Processing /opt/airflow/dags/ingest_telemetry.py took 0.440 seconds
[2026-02-17T18:12:31.393+0000] {processor.py:161} INFO - Started process (PID=1073) to work on /opt/airflow/dags/ingest_telemetry.py
[2026-02-17T18:12:31.397+0000] {processor.py:830} INFO - Processing file /opt/airflow/dags/ingest_telemetry.py for tasks to queue
[2026-02-17T18:12:31.398+0000] {logging_mixin.py:188} INFO - [2026-02-17T18:12:31.398+0000] {dagbag.py:538} INFO - Filling up the DagBag from /opt/airflow/dags/ingest_telemetry.py
[2026-02-17T18:12:31.850+0000] {processor.py:840} INFO - DAG(s) 'ingest_telemetry' retrieved from /opt/airflow/dags/ingest_telemetry.py
[2026-02-17T18:12:31.865+0000] {logging_mixin.py:188} INFO - [2026-02-17T18:12:31.864+0000] {dag.py:3036} INFO - Sync 1 DAGs
[2026-02-17T18:12:31.876+0000] {logging_mixin.py:188} INFO - [2026-02-17T18:12:31.876+0000] {dag.py:3823} INFO - Setting next_dagrun for ingest_telemetry to 2026-02-17 18:10:00+00:00, run_after=2026-02-17 18:15:00+00:00
[2026-02-17T18:12:31.885+0000] {processor.py:183} INFO - Processing /opt/airflow/dags/ingest_telemetry.py took 0.507 seconds
[2026-02-17T18:13:02.148+0000] {processor.py:161} INFO - Started process (PID=1079) to work on /opt/airflow/dags/ingest_telemetry.py
[2026-02-17T18:13:02.149+0000] {processor.py:830} INFO - Processing file /opt/airflow/dags/ingest_telemetry.py for tasks to queue
[2026-02-17T18:13:02.150+0000] {logging_mixin.py:188} INFO - [2026-02-17T18:13:02.150+0000] {dagbag.py:538} INFO - Filling up the DagBag from /opt/airflow/dags/ingest_telemetry.py
[2026-02-17T18:13:02.616+0000] {processor.py:840} INFO - DAG(s) 'ingest_telemetry' retrieved from /opt/airflow/dags/ingest_telemetry.py
[2026-02-17T18:13:02.633+0000] {logging_mixin.py:188} INFO - [2026-02-17T18:13:02.633+0000] {dag.py:3036} INFO - Sync 1 DAGs
[2026-02-17T18:13:02.644+0000] {logging_mixin.py:188} INFO - [2026-02-17T18:13:02.644+0000] {dag.py:3823} INFO - Setting next_dagrun for ingest_telemetry to 2026-02-17 18:10:00+00:00, run_after=2026-02-17 18:15:00+00:00
[2026-02-17T18:13:02.653+0000] {processor.py:183} INFO - Processing /opt/airflow/dags/ingest_telemetry.py took 0.509 seconds
[2026-02-17T18:13:33.006+0000] {processor.py:161} INFO - Started process (PID=1091) to work on /opt/airflow/dags/ingest_telemetry.py
[2026-02-17T18:13:33.007+0000] {processor.py:830} INFO - Processing file /opt/airflow/dags/ingest_telemetry.py for tasks to queue
[2026-02-17T18:13:33.008+0000] {logging_mixin.py:188} INFO - [2026-02-17T18:13:33.008+0000] {dagbag.py:538} INFO - Filling up the DagBag from /opt/airflow/dags/ingest_telemetry.py
[2026-02-17T18:13:33.328+0000] {processor.py:840} INFO - DAG(s) 'ingest_telemetry' retrieved from /opt/airflow/dags/ingest_telemetry.py
[2026-02-17T18:13:33.346+0000] {logging_mixin.py:188} INFO - [2026-02-17T18:13:33.346+0000] {dag.py:3036} INFO - Sync 1 DAGs
[2026-02-17T18:13:33.360+0000] {logging_mixin.py:188} INFO - [2026-02-17T18:13:33.360+0000] {dag.py:3823} INFO - Setting next_dagrun for ingest_telemetry to 2026-02-17 18:10:00+00:00, run_after=2026-02-17 18:15:00+00:00
[2026-02-17T18:13:33.376+0000] {processor.py:183} INFO - Processing /opt/airflow/dags/ingest_telemetry.py took 0.373 seconds
[2026-02-17T18:14:03.691+0000] {processor.py:161} INFO - Started process (PID=1097) to work on /opt/airflow/dags/ingest_telemetry.py
[2026-02-17T18:14:03.693+0000] {processor.py:830} INFO - Processing file /opt/airflow/dags/ingest_telemetry.py for tasks to queue
[2026-02-17T18:14:03.695+0000] {logging_mixin.py:188} INFO - [2026-02-17T18:14:03.694+0000] {dagbag.py:538} INFO - Filling up the DagBag from /opt/airflow/dags/ingest_telemetry.py
[2026-02-17T18:14:04.105+0000] {processor.py:840} INFO - DAG(s) 'ingest_telemetry' retrieved from /opt/airflow/dags/ingest_telemetry.py
[2026-02-17T18:14:04.119+0000] {logging_mixin.py:188} INFO - [2026-02-17T18:14:04.119+0000] {dag.py:3036} INFO - Sync 1 DAGs
[2026-02-17T18:14:04.130+0000] {logging_mixin.py:188} INFO - [2026-02-17T18:14:04.130+0000] {dag.py:3823} INFO - Setting next_dagrun for ingest_telemetry to 2026-02-17 18:10:00+00:00, run_after=2026-02-17 18:15:00+00:00
[2026-02-17T18:14:04.141+0000] {processor.py:183} INFO - Processing /opt/airflow/dags/ingest_telemetry.py took 0.456 seconds
[2026-02-17T18:14:34.469+0000] {processor.py:161} INFO - Started process (PID=1103) to work on /opt/airflow/dags/ingest_telemetry.py
[2026-02-17T18:14:34.471+0000] {processor.py:830} INFO - Processing file /opt/airflow/dags/ingest_telemetry.py for tasks to queue
[2026-02-17T18:14:34.472+0000] {logging_mixin.py:188} INFO - [2026-02-17T18:14:34.472+0000] {dagbag.py:538} INFO - Filling up the DagBag from /opt/airflow/dags/ingest_telemetry.py
[2026-02-17T18:14:34.895+0000] {processor.py:840} INFO - DAG(s) 'ingest_telemetry' retrieved from /opt/airflow/dags/ingest_telemetry.py
[2026-02-17T18:14:34.910+0000] {logging_mixin.py:188} INFO - [2026-02-17T18:14:34.909+0000] {dag.py:3036} INFO - Sync 1 DAGs
[2026-02-17T18:14:34.920+0000] {logging_mixin.py:188} INFO - [2026-02-17T18:14:34.920+0000] {dag.py:3823} INFO - Setting next_dagrun for ingest_telemetry to 2026-02-17 18:10:00+00:00, run_after=2026-02-17 18:15:00+00:00
[2026-02-17T18:14:34.928+0000] {processor.py:183} INFO - Processing /opt/airflow/dags/ingest_telemetry.py took 0.465 seconds
[2026-02-17T18:15:05.268+0000] {processor.py:161} INFO - Started process (PID=1115) to work on /opt/airflow/dags/ingest_telemetry.py
[2026-02-17T18:15:05.271+0000] {processor.py:830} INFO - Processing file /opt/airflow/dags/ingest_telemetry.py for tasks to queue
[2026-02-17T18:15:05.272+0000] {logging_mixin.py:188} INFO - [2026-02-17T18:15:05.271+0000] {dagbag.py:538} INFO - Filling up the DagBag from /opt/airflow/dags/ingest_telemetry.py
[2026-02-17T18:15:05.599+0000] {processor.py:840} INFO - DAG(s) 'ingest_telemetry' retrieved from /opt/airflow/dags/ingest_telemetry.py
[2026-02-17T18:15:05.611+0000] {logging_mixin.py:188} INFO - [2026-02-17T18:15:05.611+0000] {dag.py:3036} INFO - Sync 1 DAGs
[2026-02-17T18:15:05.621+0000] {logging_mixin.py:188} INFO - [2026-02-17T18:15:05.621+0000] {dag.py:3823} INFO - Setting next_dagrun for ingest_telemetry to 2026-02-17 18:15:00+00:00, run_after=2026-02-17 18:20:00+00:00
[2026-02-17T18:15:05.629+0000] {processor.py:183} INFO - Processing /opt/airflow/dags/ingest_telemetry.py took 0.371 seconds
[2026-02-17T18:15:35.929+0000] {processor.py:161} INFO - Started process (PID=1121) to work on /opt/airflow/dags/ingest_telemetry.py
[2026-02-17T18:15:35.932+0000] {processor.py:830} INFO - Processing file /opt/airflow/dags/ingest_telemetry.py for tasks to queue
[2026-02-17T18:15:35.933+0000] {logging_mixin.py:188} INFO - [2026-02-17T18:15:35.932+0000] {dagbag.py:538} INFO - Filling up the DagBag from /opt/airflow/dags/ingest_telemetry.py
[2026-02-17T18:15:36.370+0000] {processor.py:840} INFO - DAG(s) 'ingest_telemetry' retrieved from /opt/airflow/dags/ingest_telemetry.py
[2026-02-17T18:15:36.382+0000] {logging_mixin.py:188} INFO - [2026-02-17T18:15:36.382+0000] {dag.py:3036} INFO - Sync 1 DAGs
[2026-02-17T18:15:36.393+0000] {logging_mixin.py:188} INFO - [2026-02-17T18:15:36.393+0000] {dag.py:3823} INFO - Setting next_dagrun for ingest_telemetry to 2026-02-17 18:15:00+00:00, run_after=2026-02-17 18:20:00+00:00
[2026-02-17T18:15:36.402+0000] {processor.py:183} INFO - Processing /opt/airflow/dags/ingest_telemetry.py took 0.479 seconds
[2026-02-17T18:16:06.793+0000] {processor.py:161} INFO - Started process (PID=1127) to work on /opt/airflow/dags/ingest_telemetry.py
[2026-02-17T18:16:06.796+0000] {processor.py:830} INFO - Processing file /opt/airflow/dags/ingest_telemetry.py for tasks to queue
[2026-02-17T18:16:06.797+0000] {logging_mixin.py:188} INFO - [2026-02-17T18:16:06.796+0000] {dagbag.py:538} INFO - Filling up the DagBag from /opt/airflow/dags/ingest_telemetry.py
[2026-02-17T18:16:07.135+0000] {processor.py:840} INFO - DAG(s) 'ingest_telemetry' retrieved from /opt/airflow/dags/ingest_telemetry.py
[2026-02-17T18:16:07.147+0000] {logging_mixin.py:188} INFO - [2026-02-17T18:16:07.146+0000] {dag.py:3036} INFO - Sync 1 DAGs
[2026-02-17T18:16:07.158+0000] {logging_mixin.py:188} INFO - [2026-02-17T18:16:07.158+0000] {dag.py:3823} INFO - Setting next_dagrun for ingest_telemetry to 2026-02-17 18:15:00+00:00, run_after=2026-02-17 18:20:00+00:00
[2026-02-17T18:16:07.166+0000] {processor.py:183} INFO - Processing /opt/airflow/dags/ingest_telemetry.py took 0.380 seconds
[2026-02-17T18:16:37.521+0000] {processor.py:161} INFO - Started process (PID=1133) to work on /opt/airflow/dags/ingest_telemetry.py
[2026-02-17T18:16:37.523+0000] {processor.py:830} INFO - Processing file /opt/airflow/dags/ingest_telemetry.py for tasks to queue
[2026-02-17T18:16:37.524+0000] {logging_mixin.py:188} INFO - [2026-02-17T18:16:37.523+0000] {dagbag.py:538} INFO - Filling up the DagBag from /opt/airflow/dags/ingest_telemetry.py
[2026-02-17T18:16:37.899+0000] {processor.py:840} INFO - DAG(s) 'ingest_telemetry' retrieved from /opt/airflow/dags/ingest_telemetry.py
[2026-02-17T18:16:37.912+0000] {logging_mixin.py:188} INFO - [2026-02-17T18:16:37.911+0000] {dag.py:3036} INFO - Sync 1 DAGs
[2026-02-17T18:16:37.922+0000] {logging_mixin.py:188} INFO - [2026-02-17T18:16:37.922+0000] {dag.py:3823} INFO - Setting next_dagrun for ingest_telemetry to 2026-02-17 18:15:00+00:00, run_after=2026-02-17 18:20:00+00:00
[2026-02-17T18:16:37.931+0000] {processor.py:183} INFO - Processing /opt/airflow/dags/ingest_telemetry.py took 0.414 seconds
[2026-02-17T18:17:08.260+0000] {processor.py:161} INFO - Started process (PID=1139) to work on /opt/airflow/dags/ingest_telemetry.py
[2026-02-17T18:17:08.262+0000] {processor.py:830} INFO - Processing file /opt/airflow/dags/ingest_telemetry.py for tasks to queue
[2026-02-17T18:17:08.264+0000] {logging_mixin.py:188} INFO - [2026-02-17T18:17:08.263+0000] {dagbag.py:538} INFO - Filling up the DagBag from /opt/airflow/dags/ingest_telemetry.py
[2026-02-17T18:17:08.575+0000] {processor.py:840} INFO - DAG(s) 'ingest_telemetry' retrieved from /opt/airflow/dags/ingest_telemetry.py
[2026-02-17T18:17:08.588+0000] {logging_mixin.py:188} INFO - [2026-02-17T18:17:08.588+0000] {dag.py:3036} INFO - Sync 1 DAGs
[2026-02-17T18:17:08.599+0000] {logging_mixin.py:188} INFO - [2026-02-17T18:17:08.598+0000] {dag.py:3823} INFO - Setting next_dagrun for ingest_telemetry to 2026-02-17 18:15:00+00:00, run_after=2026-02-17 18:20:00+00:00
[2026-02-17T18:17:08.607+0000] {processor.py:183} INFO - Processing /opt/airflow/dags/ingest_telemetry.py took 0.355 seconds
[2026-02-17T18:17:38.926+0000] {processor.py:161} INFO - Started process (PID=1148) to work on /opt/airflow/dags/ingest_telemetry.py
[2026-02-17T18:17:38.928+0000] {processor.py:830} INFO - Processing file /opt/airflow/dags/ingest_telemetry.py for tasks to queue
[2026-02-17T18:17:38.929+0000] {logging_mixin.py:188} INFO - [2026-02-17T18:17:38.928+0000] {dagbag.py:538} INFO - Filling up the DagBag from /opt/airflow/dags/ingest_telemetry.py
[2026-02-17T18:17:39.360+0000] {processor.py:840} INFO - DAG(s) 'ingest_telemetry' retrieved from /opt/airflow/dags/ingest_telemetry.py
[2026-02-17T18:17:39.372+0000] {logging_mixin.py:188} INFO - [2026-02-17T18:17:39.371+0000] {dag.py:3036} INFO - Sync 1 DAGs
[2026-02-17T18:17:39.382+0000] {logging_mixin.py:188} INFO - [2026-02-17T18:17:39.382+0000] {dag.py:3823} INFO - Setting next_dagrun for ingest_telemetry to 2026-02-17 18:15:00+00:00, run_after=2026-02-17 18:20:00+00:00
[2026-02-17T18:17:39.391+0000] {processor.py:183} INFO - Processing /opt/airflow/dags/ingest_telemetry.py took 0.475 seconds
[2026-02-17T18:18:09.643+0000] {processor.py:161} INFO - Started process (PID=1154) to work on /opt/airflow/dags/ingest_telemetry.py
[2026-02-17T18:18:09.646+0000] {processor.py:830} INFO - Processing file /opt/airflow/dags/ingest_telemetry.py for tasks to queue
[2026-02-17T18:18:09.647+0000] {logging_mixin.py:188} INFO - [2026-02-17T18:18:09.647+0000] {dagbag.py:538} INFO - Filling up the DagBag from /opt/airflow/dags/ingest_telemetry.py
[2026-02-17T18:18:09.913+0000] {processor.py:840} INFO - DAG(s) 'ingest_telemetry' retrieved from /opt/airflow/dags/ingest_telemetry.py
[2026-02-17T18:18:09.923+0000] {logging_mixin.py:188} INFO - [2026-02-17T18:18:09.923+0000] {dag.py:3036} INFO - Sync 1 DAGs
[2026-02-17T18:18:09.933+0000] {logging_mixin.py:188} INFO - [2026-02-17T18:18:09.933+0000] {dag.py:3823} INFO - Setting next_dagrun for ingest_telemetry to 2026-02-17 18:15:00+00:00, run_after=2026-02-17 18:20:00+00:00
[2026-02-17T18:18:09.941+0000] {processor.py:183} INFO - Processing /opt/airflow/dags/ingest_telemetry.py took 0.304 seconds
[2026-02-17T18:18:40.359+0000] {processor.py:161} INFO - Started process (PID=1160) to work on /opt/airflow/dags/ingest_telemetry.py
[2026-02-17T18:18:40.361+0000] {processor.py:830} INFO - Processing file /opt/airflow/dags/ingest_telemetry.py for tasks to queue
[2026-02-17T18:18:40.362+0000] {logging_mixin.py:188} INFO - [2026-02-17T18:18:40.361+0000] {dagbag.py:538} INFO - Filling up the DagBag from /opt/airflow/dags/ingest_telemetry.py
[2026-02-17T18:18:40.827+0000] {processor.py:840} INFO - DAG(s) 'ingest_telemetry' retrieved from /opt/airflow/dags/ingest_telemetry.py
[2026-02-17T18:18:40.845+0000] {logging_mixin.py:188} INFO - [2026-02-17T18:18:40.844+0000] {dag.py:3036} INFO - Sync 1 DAGs
[2026-02-17T18:18:40.856+0000] {logging_mixin.py:188} INFO - [2026-02-17T18:18:40.856+0000] {dag.py:3823} INFO - Setting next_dagrun for ingest_telemetry to 2026-02-17 18:15:00+00:00, run_after=2026-02-17 18:20:00+00:00
[2026-02-17T18:18:40.864+0000] {processor.py:183} INFO - Processing /opt/airflow/dags/ingest_telemetry.py took 0.519 seconds
[2026-02-17T18:19:11.167+0000] {processor.py:161} INFO - Started process (PID=1166) to work on /opt/airflow/dags/ingest_telemetry.py
[2026-02-17T18:19:11.169+0000] {processor.py:830} INFO - Processing file /opt/airflow/dags/ingest_telemetry.py for tasks to queue
[2026-02-17T18:19:11.170+0000] {logging_mixin.py:188} INFO - [2026-02-17T18:19:11.169+0000] {dagbag.py:538} INFO - Filling up the DagBag from /opt/airflow/dags/ingest_telemetry.py
[2026-02-17T18:19:11.432+0000] {processor.py:840} INFO - DAG(s) 'ingest_telemetry' retrieved from /opt/airflow/dags/ingest_telemetry.py
[2026-02-17T18:19:11.442+0000] {logging_mixin.py:188} INFO - [2026-02-17T18:19:11.442+0000] {dag.py:3036} INFO - Sync 1 DAGs
[2026-02-17T18:19:11.452+0000] {logging_mixin.py:188} INFO - [2026-02-17T18:19:11.452+0000] {dag.py:3823} INFO - Setting next_dagrun for ingest_telemetry to 2026-02-17 18:15:00+00:00, run_after=2026-02-17 18:20:00+00:00
[2026-02-17T18:19:11.459+0000] {processor.py:183} INFO - Processing /opt/airflow/dags/ingest_telemetry.py took 0.297 seconds
[2026-02-17T18:19:41.702+0000] {processor.py:161} INFO - Started process (PID=1172) to work on /opt/airflow/dags/ingest_telemetry.py
[2026-02-17T18:19:41.703+0000] {processor.py:830} INFO - Processing file /opt/airflow/dags/ingest_telemetry.py for tasks to queue
[2026-02-17T18:19:41.704+0000] {logging_mixin.py:188} INFO - [2026-02-17T18:19:41.704+0000] {dagbag.py:538} INFO - Filling up the DagBag from /opt/airflow/dags/ingest_telemetry.py
[2026-02-17T18:19:42.145+0000] {processor.py:840} INFO - DAG(s) 'ingest_telemetry' retrieved from /opt/airflow/dags/ingest_telemetry.py
[2026-02-17T18:19:42.157+0000] {logging_mixin.py:188} INFO - [2026-02-17T18:19:42.157+0000] {dag.py:3036} INFO - Sync 1 DAGs
[2026-02-17T18:19:42.169+0000] {logging_mixin.py:188} INFO - [2026-02-17T18:19:42.169+0000] {dag.py:3823} INFO - Setting next_dagrun for ingest_telemetry to 2026-02-17 18:15:00+00:00, run_after=2026-02-17 18:20:00+00:00
[2026-02-17T18:19:42.178+0000] {processor.py:183} INFO - Processing /opt/airflow/dags/ingest_telemetry.py took 0.482 seconds
[2026-02-17T18:20:12.279+0000] {processor.py:161} INFO - Started process (PID=1184) to work on /opt/airflow/dags/ingest_telemetry.py
[2026-02-17T18:20:12.281+0000] {processor.py:830} INFO - Processing file /opt/airflow/dags/ingest_telemetry.py for tasks to queue
[2026-02-17T18:20:12.283+0000] {logging_mixin.py:188} INFO - [2026-02-17T18:20:12.282+0000] {dagbag.py:538} INFO - Filling up the DagBag from /opt/airflow/dags/ingest_telemetry.py
[2026-02-17T18:20:12.698+0000] {processor.py:840} INFO - DAG(s) 'ingest_telemetry' retrieved from /opt/airflow/dags/ingest_telemetry.py
[2026-02-17T18:20:12.709+0000] {logging_mixin.py:188} INFO - [2026-02-17T18:20:12.709+0000] {dag.py:3036} INFO - Sync 1 DAGs
[2026-02-17T18:20:12.720+0000] {logging_mixin.py:188} INFO - [2026-02-17T18:20:12.720+0000] {dag.py:3823} INFO - Setting next_dagrun for ingest_telemetry to 2026-02-17 18:20:00+00:00, run_after=2026-02-17 18:25:00+00:00
[2026-02-17T18:20:12.728+0000] {processor.py:183} INFO - Processing /opt/airflow/dags/ingest_telemetry.py took 0.459 seconds
[2026-02-17T18:20:43.041+0000] {processor.py:161} INFO - Started process (PID=1190) to work on /opt/airflow/dags/ingest_telemetry.py
[2026-02-17T18:20:43.043+0000] {processor.py:830} INFO - Processing file /opt/airflow/dags/ingest_telemetry.py for tasks to queue
[2026-02-17T18:20:43.044+0000] {logging_mixin.py:188} INFO - [2026-02-17T18:20:43.044+0000] {dagbag.py:538} INFO - Filling up the DagBag from /opt/airflow/dags/ingest_telemetry.py
[2026-02-17T18:20:43.480+0000] {processor.py:840} INFO - DAG(s) 'ingest_telemetry' retrieved from /opt/airflow/dags/ingest_telemetry.py
[2026-02-17T18:20:43.494+0000] {logging_mixin.py:188} INFO - [2026-02-17T18:20:43.494+0000] {dag.py:3036} INFO - Sync 1 DAGs
[2026-02-17T18:20:43.505+0000] {logging_mixin.py:188} INFO - [2026-02-17T18:20:43.505+0000] {dag.py:3823} INFO - Setting next_dagrun for ingest_telemetry to 2026-02-17 18:20:00+00:00, run_after=2026-02-17 18:25:00+00:00
[2026-02-17T18:20:43.513+0000] {processor.py:183} INFO - Processing /opt/airflow/dags/ingest_telemetry.py took 0.488 seconds
[2026-02-17T18:21:13.852+0000] {processor.py:161} INFO - Started process (PID=1196) to work on /opt/airflow/dags/ingest_telemetry.py
[2026-02-17T18:21:13.854+0000] {processor.py:830} INFO - Processing file /opt/airflow/dags/ingest_telemetry.py for tasks to queue
[2026-02-17T18:21:13.854+0000] {logging_mixin.py:188} INFO - [2026-02-17T18:21:13.854+0000] {dagbag.py:538} INFO - Filling up the DagBag from /opt/airflow/dags/ingest_telemetry.py
[2026-02-17T18:21:14.126+0000] {processor.py:840} INFO - DAG(s) 'ingest_telemetry' retrieved from /opt/airflow/dags/ingest_telemetry.py
[2026-02-17T18:21:14.138+0000] {logging_mixin.py:188} INFO - [2026-02-17T18:21:14.138+0000] {dag.py:3036} INFO - Sync 1 DAGs
[2026-02-17T18:21:14.148+0000] {logging_mixin.py:188} INFO - [2026-02-17T18:21:14.148+0000] {dag.py:3823} INFO - Setting next_dagrun for ingest_telemetry to 2026-02-17 18:20:00+00:00, run_after=2026-02-17 18:25:00+00:00
[2026-02-17T18:21:14.156+0000] {processor.py:183} INFO - Processing /opt/airflow/dags/ingest_telemetry.py took 0.307 seconds
[2026-02-17T18:21:44.543+0000] {processor.py:161} INFO - Started process (PID=1202) to work on /opt/airflow/dags/ingest_telemetry.py
[2026-02-17T18:21:44.545+0000] {processor.py:830} INFO - Processing file /opt/airflow/dags/ingest_telemetry.py for tasks to queue
[2026-02-17T18:21:44.546+0000] {logging_mixin.py:188} INFO - [2026-02-17T18:21:44.545+0000] {dagbag.py:538} INFO - Filling up the DagBag from /opt/airflow/dags/ingest_telemetry.py
[2026-02-17T18:21:45.048+0000] {processor.py:840} INFO - DAG(s) 'ingest_telemetry' retrieved from /opt/airflow/dags/ingest_telemetry.py
[2026-02-17T18:21:45.064+0000] {logging_mixin.py:188} INFO - [2026-02-17T18:21:45.064+0000] {dag.py:3036} INFO - Sync 1 DAGs
[2026-02-17T18:21:45.077+0000] {logging_mixin.py:188} INFO - [2026-02-17T18:21:45.077+0000] {dag.py:3823} INFO - Setting next_dagrun for ingest_telemetry to 2026-02-17 18:20:00+00:00, run_after=2026-02-17 18:25:00+00:00
[2026-02-17T18:21:45.092+0000] {processor.py:183} INFO - Processing /opt/airflow/dags/ingest_telemetry.py took 0.564 seconds
[2026-02-17T18:22:15.466+0000] {processor.py:161} INFO - Started process (PID=1211) to work on /opt/airflow/dags/ingest_telemetry.py
[2026-02-17T18:22:15.468+0000] {processor.py:830} INFO - Processing file /opt/airflow/dags/ingest_telemetry.py for tasks to queue
[2026-02-17T18:22:15.470+0000] {logging_mixin.py:188} INFO - [2026-02-17T18:22:15.469+0000] {dagbag.py:538} INFO - Filling up the DagBag from /opt/airflow/dags/ingest_telemetry.py
[2026-02-17T18:22:15.815+0000] {processor.py:840} INFO - DAG(s) 'ingest_telemetry' retrieved from /opt/airflow/dags/ingest_telemetry.py
[2026-02-17T18:22:15.826+0000] {logging_mixin.py:188} INFO - [2026-02-17T18:22:15.826+0000] {dag.py:3036} INFO - Sync 1 DAGs
[2026-02-17T18:22:15.838+0000] {logging_mixin.py:188} INFO - [2026-02-17T18:22:15.838+0000] {dag.py:3823} INFO - Setting next_dagrun for ingest_telemetry to 2026-02-17 18:20:00+00:00, run_after=2026-02-17 18:25:00+00:00
[2026-02-17T18:22:15.846+0000] {processor.py:183} INFO - Processing /opt/airflow/dags/ingest_telemetry.py took 0.388 seconds
[2026-02-17T18:22:46.087+0000] {processor.py:161} INFO - Started process (PID=1217) to work on /opt/airflow/dags/ingest_telemetry.py
[2026-02-17T18:22:46.088+0000] {processor.py:830} INFO - Processing file /opt/airflow/dags/ingest_telemetry.py for tasks to queue
[2026-02-17T18:22:46.089+0000] {logging_mixin.py:188} INFO - [2026-02-17T18:22:46.089+0000] {dagbag.py:538} INFO - Filling up the DagBag from /opt/airflow/dags/ingest_telemetry.py
[2026-02-17T18:22:46.404+0000] {processor.py:840} INFO - DAG(s) 'ingest_telemetry' retrieved from /opt/airflow/dags/ingest_telemetry.py
[2026-02-17T18:22:46.423+0000] {logging_mixin.py:188} INFO - [2026-02-17T18:22:46.422+0000] {dag.py:3036} INFO - Sync 1 DAGs
[2026-02-17T18:22:46.438+0000] {logging_mixin.py:188} INFO - [2026-02-17T18:22:46.438+0000] {dag.py:3823} INFO - Setting next_dagrun for ingest_telemetry to 2026-02-17 18:20:00+00:00, run_after=2026-02-17 18:25:00+00:00
[2026-02-17T18:22:46.448+0000] {processor.py:183} INFO - Processing /opt/airflow/dags/ingest_telemetry.py took 0.364 seconds
[2026-02-17T18:23:16.910+0000] {processor.py:161} INFO - Started process (PID=1223) to work on /opt/airflow/dags/ingest_telemetry.py
[2026-02-17T18:23:16.917+0000] {processor.py:830} INFO - Processing file /opt/airflow/dags/ingest_telemetry.py for tasks to queue
[2026-02-17T18:23:16.920+0000] {logging_mixin.py:188} INFO - [2026-02-17T18:23:16.919+0000] {dagbag.py:538} INFO - Filling up the DagBag from /opt/airflow/dags/ingest_telemetry.py
[2026-02-17T18:23:17.909+0000] {processor.py:840} INFO - DAG(s) 'ingest_telemetry' retrieved from /opt/airflow/dags/ingest_telemetry.py
[2026-02-17T18:23:17.947+0000] {logging_mixin.py:188} INFO - [2026-02-17T18:23:17.947+0000] {dag.py:3036} INFO - Sync 1 DAGs
[2026-02-17T18:23:17.961+0000] {logging_mixin.py:188} INFO - [2026-02-17T18:23:17.961+0000] {dag.py:3823} INFO - Setting next_dagrun for ingest_telemetry to 2026-02-17 18:20:00+00:00, run_after=2026-02-17 18:25:00+00:00
[2026-02-17T18:23:17.969+0000] {processor.py:183} INFO - Processing /opt/airflow/dags/ingest_telemetry.py took 1.081 seconds
[2026-02-17T18:23:48.275+0000] {processor.py:161} INFO - Started process (PID=1229) to work on /opt/airflow/dags/ingest_telemetry.py
[2026-02-17T18:23:48.276+0000] {processor.py:830} INFO - Processing file /opt/airflow/dags/ingest_telemetry.py for tasks to queue
[2026-02-17T18:23:48.280+0000] {logging_mixin.py:188} INFO - [2026-02-17T18:23:48.277+0000] {dagbag.py:538} INFO - Filling up the DagBag from /opt/airflow/dags/ingest_telemetry.py
[2026-02-17T18:23:48.724+0000] {processor.py:840} INFO - DAG(s) 'ingest_telemetry' retrieved from /opt/airflow/dags/ingest_telemetry.py
[2026-02-17T18:23:48.739+0000] {logging_mixin.py:188} INFO - [2026-02-17T18:23:48.739+0000] {dag.py:3036} INFO - Sync 1 DAGs
[2026-02-17T18:23:48.750+0000] {logging_mixin.py:188} INFO - [2026-02-17T18:23:48.749+0000] {dag.py:3823} INFO - Setting next_dagrun for ingest_telemetry to 2026-02-17 18:20:00+00:00, run_after=2026-02-17 18:25:00+00:00
[2026-02-17T18:23:48.758+0000] {processor.py:183} INFO - Processing /opt/airflow/dags/ingest_telemetry.py took 0.489 seconds
[2026-02-17T18:24:19.054+0000] {processor.py:161} INFO - Started process (PID=1235) to work on /opt/airflow/dags/ingest_telemetry.py
[2026-02-17T18:24:19.056+0000] {processor.py:830} INFO - Processing file /opt/airflow/dags/ingest_telemetry.py for tasks to queue
[2026-02-17T18:24:19.057+0000] {logging_mixin.py:188} INFO - [2026-02-17T18:24:19.057+0000] {dagbag.py:538} INFO - Filling up the DagBag from /opt/airflow/dags/ingest_telemetry.py
[2026-02-17T18:24:19.502+0000] {processor.py:840} INFO - DAG(s) 'ingest_telemetry' retrieved from /opt/airflow/dags/ingest_telemetry.py
[2026-02-17T18:24:19.521+0000] {logging_mixin.py:188} INFO - [2026-02-17T18:24:19.520+0000] {dag.py:3036} INFO - Sync 1 DAGs
[2026-02-17T18:24:19.532+0000] {logging_mixin.py:188} INFO - [2026-02-17T18:24:19.532+0000] {dag.py:3823} INFO - Setting next_dagrun for ingest_telemetry to 2026-02-17 18:20:00+00:00, run_after=2026-02-17 18:25:00+00:00
[2026-02-17T18:24:19.541+0000] {processor.py:183} INFO - Processing /opt/airflow/dags/ingest_telemetry.py took 0.496 seconds
[2026-02-17T18:24:49.860+0000] {processor.py:161} INFO - Started process (PID=1241) to work on /opt/airflow/dags/ingest_telemetry.py
[2026-02-17T18:24:49.863+0000] {processor.py:830} INFO - Processing file /opt/airflow/dags/ingest_telemetry.py for tasks to queue
[2026-02-17T18:24:49.865+0000] {logging_mixin.py:188} INFO - [2026-02-17T18:24:49.864+0000] {dagbag.py:538} INFO - Filling up the DagBag from /opt/airflow/dags/ingest_telemetry.py
[2026-02-17T18:24:50.271+0000] {processor.py:840} INFO - DAG(s) 'ingest_telemetry' retrieved from /opt/airflow/dags/ingest_telemetry.py
[2026-02-17T18:24:50.283+0000] {logging_mixin.py:188} INFO - [2026-02-17T18:24:50.282+0000] {dag.py:3036} INFO - Sync 1 DAGs
[2026-02-17T18:24:50.294+0000] {logging_mixin.py:188} INFO - [2026-02-17T18:24:50.294+0000] {dag.py:3823} INFO - Setting next_dagrun for ingest_telemetry to 2026-02-17 18:20:00+00:00, run_after=2026-02-17 18:25:00+00:00
[2026-02-17T18:24:50.301+0000] {processor.py:183} INFO - Processing /opt/airflow/dags/ingest_telemetry.py took 0.447 seconds
[2026-02-17T18:25:20.696+0000] {processor.py:161} INFO - Started process (PID=1253) to work on /opt/airflow/dags/ingest_telemetry.py
[2026-02-17T18:25:20.699+0000] {processor.py:830} INFO - Processing file /opt/airflow/dags/ingest_telemetry.py for tasks to queue
[2026-02-17T18:25:20.701+0000] {logging_mixin.py:188} INFO - [2026-02-17T18:25:20.700+0000] {dagbag.py:538} INFO - Filling up the DagBag from /opt/airflow/dags/ingest_telemetry.py
[2026-02-17T18:25:21.226+0000] {processor.py:840} INFO - DAG(s) 'ingest_telemetry' retrieved from /opt/airflow/dags/ingest_telemetry.py
[2026-02-17T18:25:21.242+0000] {logging_mixin.py:188} INFO - [2026-02-17T18:25:21.242+0000] {dag.py:3036} INFO - Sync 1 DAGs
[2026-02-17T18:25:21.260+0000] {logging_mixin.py:188} INFO - [2026-02-17T18:25:21.260+0000] {dag.py:3823} INFO - Setting next_dagrun for ingest_telemetry to 2026-02-17 18:25:00+00:00, run_after=2026-02-17 18:30:00+00:00
[2026-02-17T18:25:21.276+0000] {processor.py:183} INFO - Processing /opt/airflow/dags/ingest_telemetry.py took 0.593 seconds
[2026-02-17T18:25:51.514+0000] {processor.py:161} INFO - Started process (PID=1259) to work on /opt/airflow/dags/ingest_telemetry.py
[2026-02-17T18:25:51.516+0000] {processor.py:830} INFO - Processing file /opt/airflow/dags/ingest_telemetry.py for tasks to queue
[2026-02-17T18:25:51.517+0000] {logging_mixin.py:188} INFO - [2026-02-17T18:25:51.516+0000] {dagbag.py:538} INFO - Filling up the DagBag from /opt/airflow/dags/ingest_telemetry.py
[2026-02-17T18:25:51.976+0000] {processor.py:840} INFO - DAG(s) 'ingest_telemetry' retrieved from /opt/airflow/dags/ingest_telemetry.py
[2026-02-17T18:25:51.988+0000] {logging_mixin.py:188} INFO - [2026-02-17T18:25:51.988+0000] {dag.py:3036} INFO - Sync 1 DAGs
[2026-02-17T18:25:52.003+0000] {logging_mixin.py:188} INFO - [2026-02-17T18:25:52.003+0000] {dag.py:3823} INFO - Setting next_dagrun for ingest_telemetry to 2026-02-17 18:25:00+00:00, run_after=2026-02-17 18:30:00+00:00
[2026-02-17T18:25:52.012+0000] {processor.py:183} INFO - Processing /opt/airflow/dags/ingest_telemetry.py took 0.504 seconds
[2026-02-17T18:26:22.392+0000] {processor.py:161} INFO - Started process (PID=1265) to work on /opt/airflow/dags/ingest_telemetry.py
[2026-02-17T18:26:22.395+0000] {processor.py:830} INFO - Processing file /opt/airflow/dags/ingest_telemetry.py for tasks to queue
[2026-02-17T18:26:22.396+0000] {logging_mixin.py:188} INFO - [2026-02-17T18:26:22.396+0000] {dagbag.py:538} INFO - Filling up the DagBag from /opt/airflow/dags/ingest_telemetry.py
[2026-02-17T18:26:22.849+0000] {processor.py:840} INFO - DAG(s) 'ingest_telemetry' retrieved from /opt/airflow/dags/ingest_telemetry.py
[2026-02-17T18:26:22.867+0000] {logging_mixin.py:188} INFO - [2026-02-17T18:26:22.866+0000] {dag.py:3036} INFO - Sync 1 DAGs
[2026-02-17T18:26:22.879+0000] {logging_mixin.py:188} INFO - [2026-02-17T18:26:22.879+0000] {dag.py:3823} INFO - Setting next_dagrun for ingest_telemetry to 2026-02-17 18:25:00+00:00, run_after=2026-02-17 18:30:00+00:00
[2026-02-17T18:26:22.886+0000] {processor.py:183} INFO - Processing /opt/airflow/dags/ingest_telemetry.py took 0.516 seconds
[2026-02-17T18:26:53.217+0000] {processor.py:161} INFO - Started process (PID=1271) to work on /opt/airflow/dags/ingest_telemetry.py
[2026-02-17T18:26:53.219+0000] {processor.py:830} INFO - Processing file /opt/airflow/dags/ingest_telemetry.py for tasks to queue
[2026-02-17T18:26:53.221+0000] {logging_mixin.py:188} INFO - [2026-02-17T18:26:53.220+0000] {dagbag.py:538} INFO - Filling up the DagBag from /opt/airflow/dags/ingest_telemetry.py
[2026-02-17T18:26:53.656+0000] {processor.py:840} INFO - DAG(s) 'ingest_telemetry' retrieved from /opt/airflow/dags/ingest_telemetry.py
[2026-02-17T18:26:53.670+0000] {logging_mixin.py:188} INFO - [2026-02-17T18:26:53.669+0000] {dag.py:3036} INFO - Sync 1 DAGs
[2026-02-17T18:26:53.681+0000] {logging_mixin.py:188} INFO - [2026-02-17T18:26:53.681+0000] {dag.py:3823} INFO - Setting next_dagrun for ingest_telemetry to 2026-02-17 18:25:00+00:00, run_after=2026-02-17 18:30:00+00:00
[2026-02-17T18:26:53.689+0000] {processor.py:183} INFO - Processing /opt/airflow/dags/ingest_telemetry.py took 0.481 seconds
[2026-02-17T18:27:24.121+0000] {processor.py:161} INFO - Started process (PID=1280) to work on /opt/airflow/dags/ingest_telemetry.py
[2026-02-17T18:27:24.123+0000] {processor.py:830} INFO - Processing file /opt/airflow/dags/ingest_telemetry.py for tasks to queue
[2026-02-17T18:27:24.125+0000] {logging_mixin.py:188} INFO - [2026-02-17T18:27:24.124+0000] {dagbag.py:538} INFO - Filling up the DagBag from /opt/airflow/dags/ingest_telemetry.py
[2026-02-17T18:27:24.666+0000] {processor.py:840} INFO - DAG(s) 'ingest_telemetry' retrieved from /opt/airflow/dags/ingest_telemetry.py
[2026-02-17T18:27:24.678+0000] {logging_mixin.py:188} INFO - [2026-02-17T18:27:24.677+0000] {dag.py:3036} INFO - Sync 1 DAGs
[2026-02-17T18:27:24.688+0000] {logging_mixin.py:188} INFO - [2026-02-17T18:27:24.688+0000] {dag.py:3823} INFO - Setting next_dagrun for ingest_telemetry to 2026-02-17 18:25:00+00:00, run_after=2026-02-17 18:30:00+00:00
[2026-02-17T18:27:24.696+0000] {processor.py:183} INFO - Processing /opt/airflow/dags/ingest_telemetry.py took 0.585 seconds
[2026-02-17T18:27:54.867+0000] {processor.py:161} INFO - Started process (PID=1286) to work on /opt/airflow/dags/ingest_telemetry.py
[2026-02-17T18:27:54.869+0000] {processor.py:830} INFO - Processing file /opt/airflow/dags/ingest_telemetry.py for tasks to queue
[2026-02-17T18:27:54.870+0000] {logging_mixin.py:188} INFO - [2026-02-17T18:27:54.870+0000] {dagbag.py:538} INFO - Filling up the DagBag from /opt/airflow/dags/ingest_telemetry.py
[2026-02-17T18:27:55.312+0000] {processor.py:840} INFO - DAG(s) 'ingest_telemetry' retrieved from /opt/airflow/dags/ingest_telemetry.py
[2026-02-17T18:27:55.324+0000] {logging_mixin.py:188} INFO - [2026-02-17T18:27:55.324+0000] {dag.py:3036} INFO - Sync 1 DAGs
[2026-02-17T18:27:55.335+0000] {logging_mixin.py:188} INFO - [2026-02-17T18:27:55.335+0000] {dag.py:3823} INFO - Setting next_dagrun for ingest_telemetry to 2026-02-17 18:25:00+00:00, run_after=2026-02-17 18:30:00+00:00
[2026-02-17T18:27:55.343+0000] {processor.py:183} INFO - Processing /opt/airflow/dags/ingest_telemetry.py took 0.485 seconds
[2026-02-17T18:28:25.737+0000] {processor.py:161} INFO - Started process (PID=1292) to work on /opt/airflow/dags/ingest_telemetry.py
[2026-02-17T18:28:25.740+0000] {processor.py:830} INFO - Processing file /opt/airflow/dags/ingest_telemetry.py for tasks to queue
[2026-02-17T18:28:25.741+0000] {logging_mixin.py:188} INFO - [2026-02-17T18:28:25.741+0000] {dagbag.py:538} INFO - Filling up the DagBag from /opt/airflow/dags/ingest_telemetry.py
[2026-02-17T18:28:26.187+0000] {processor.py:840} INFO - DAG(s) 'ingest_telemetry' retrieved from /opt/airflow/dags/ingest_telemetry.py
[2026-02-17T18:28:26.198+0000] {logging_mixin.py:188} INFO - [2026-02-17T18:28:26.198+0000] {dag.py:3036} INFO - Sync 1 DAGs
[2026-02-17T18:28:26.214+0000] {logging_mixin.py:188} INFO - [2026-02-17T18:28:26.214+0000] {dag.py:3823} INFO - Setting next_dagrun for ingest_telemetry to 2026-02-17 18:25:00+00:00, run_after=2026-02-17 18:30:00+00:00
[2026-02-17T18:28:26.223+0000] {processor.py:183} INFO - Processing /opt/airflow/dags/ingest_telemetry.py took 0.493 seconds
[2026-02-17T18:28:56.566+0000] {processor.py:161} INFO - Started process (PID=1298) to work on /opt/airflow/dags/ingest_telemetry.py
[2026-02-17T18:28:56.568+0000] {processor.py:830} INFO - Processing file /opt/airflow/dags/ingest_telemetry.py for tasks to queue
[2026-02-17T18:28:56.570+0000] {logging_mixin.py:188} INFO - [2026-02-17T18:28:56.569+0000] {dagbag.py:538} INFO - Filling up the DagBag from /opt/airflow/dags/ingest_telemetry.py
[2026-02-17T18:28:57.053+0000] {processor.py:840} INFO - DAG(s) 'ingest_telemetry' retrieved from /opt/airflow/dags/ingest_telemetry.py
[2026-02-17T18:28:57.066+0000] {logging_mixin.py:188} INFO - [2026-02-17T18:28:57.066+0000] {dag.py:3036} INFO - Sync 1 DAGs
[2026-02-17T18:28:57.079+0000] {logging_mixin.py:188} INFO - [2026-02-17T18:28:57.079+0000] {dag.py:3823} INFO - Setting next_dagrun for ingest_telemetry to 2026-02-17 18:25:00+00:00, run_after=2026-02-17 18:30:00+00:00
[2026-02-17T18:28:57.088+0000] {processor.py:183} INFO - Processing /opt/airflow/dags/ingest_telemetry.py took 0.536 seconds
[2026-02-17T18:29:27.336+0000] {processor.py:161} INFO - Started process (PID=1304) to work on /opt/airflow/dags/ingest_telemetry.py
[2026-02-17T18:29:27.338+0000] {processor.py:830} INFO - Processing file /opt/airflow/dags/ingest_telemetry.py for tasks to queue
[2026-02-17T18:29:27.339+0000] {logging_mixin.py:188} INFO - [2026-02-17T18:29:27.339+0000] {dagbag.py:538} INFO - Filling up the DagBag from /opt/airflow/dags/ingest_telemetry.py
[2026-02-17T18:29:27.760+0000] {processor.py:840} INFO - DAG(s) 'ingest_telemetry' retrieved from /opt/airflow/dags/ingest_telemetry.py
[2026-02-17T18:29:27.774+0000] {logging_mixin.py:188} INFO - [2026-02-17T18:29:27.773+0000] {dag.py:3036} INFO - Sync 1 DAGs
[2026-02-17T18:29:27.784+0000] {logging_mixin.py:188} INFO - [2026-02-17T18:29:27.784+0000] {dag.py:3823} INFO - Setting next_dagrun for ingest_telemetry to 2026-02-17 18:25:00+00:00, run_after=2026-02-17 18:30:00+00:00
[2026-02-17T18:29:27.792+0000] {processor.py:183} INFO - Processing /opt/airflow/dags/ingest_telemetry.py took 0.462 seconds
[2026-02-17T18:29:58.135+0000] {processor.py:161} INFO - Started process (PID=1310) to work on /opt/airflow/dags/ingest_telemetry.py
[2026-02-17T18:29:58.138+0000] {processor.py:830} INFO - Processing file /opt/airflow/dags/ingest_telemetry.py for tasks to queue
[2026-02-17T18:29:58.139+0000] {logging_mixin.py:188} INFO - [2026-02-17T18:29:58.138+0000] {dagbag.py:538} INFO - Filling up the DagBag from /opt/airflow/dags/ingest_telemetry.py
[2026-02-17T18:29:58.558+0000] {processor.py:840} INFO - DAG(s) 'ingest_telemetry' retrieved from /opt/airflow/dags/ingest_telemetry.py
[2026-02-17T18:29:58.572+0000] {logging_mixin.py:188} INFO - [2026-02-17T18:29:58.572+0000] {dag.py:3036} INFO - Sync 1 DAGs
[2026-02-17T18:29:58.584+0000] {logging_mixin.py:188} INFO - [2026-02-17T18:29:58.583+0000] {dag.py:3823} INFO - Setting next_dagrun for ingest_telemetry to 2026-02-17 18:25:00+00:00, run_after=2026-02-17 18:30:00+00:00
[2026-02-17T18:29:58.593+0000] {processor.py:183} INFO - Processing /opt/airflow/dags/ingest_telemetry.py took 0.477 seconds
[2026-02-17T18:30:28.950+0000] {processor.py:161} INFO - Started process (PID=1322) to work on /opt/airflow/dags/ingest_telemetry.py
[2026-02-17T18:30:28.952+0000] {processor.py:830} INFO - Processing file /opt/airflow/dags/ingest_telemetry.py for tasks to queue
[2026-02-17T18:30:28.953+0000] {logging_mixin.py:188} INFO - [2026-02-17T18:30:28.953+0000] {dagbag.py:538} INFO - Filling up the DagBag from /opt/airflow/dags/ingest_telemetry.py
[2026-02-17T18:30:29.434+0000] {processor.py:840} INFO - DAG(s) 'ingest_telemetry' retrieved from /opt/airflow/dags/ingest_telemetry.py
[2026-02-17T18:30:29.451+0000] {logging_mixin.py:188} INFO - [2026-02-17T18:30:29.451+0000] {dag.py:3036} INFO - Sync 1 DAGs
[2026-02-17T18:30:29.464+0000] {logging_mixin.py:188} INFO - [2026-02-17T18:30:29.464+0000] {dag.py:3823} INFO - Setting next_dagrun for ingest_telemetry to 2026-02-17 18:30:00+00:00, run_after=2026-02-17 18:35:00+00:00
[2026-02-17T18:30:29.472+0000] {processor.py:183} INFO - Processing /opt/airflow/dags/ingest_telemetry.py took 0.528 seconds
[2026-02-17T18:30:59.849+0000] {processor.py:161} INFO - Started process (PID=1328) to work on /opt/airflow/dags/ingest_telemetry.py
[2026-02-17T18:30:59.855+0000] {processor.py:830} INFO - Processing file /opt/airflow/dags/ingest_telemetry.py for tasks to queue
[2026-02-17T18:30:59.857+0000] {logging_mixin.py:188} INFO - [2026-02-17T18:30:59.856+0000] {dagbag.py:538} INFO - Filling up the DagBag from /opt/airflow/dags/ingest_telemetry.py
[2026-02-17T18:31:00.355+0000] {processor.py:840} INFO - DAG(s) 'ingest_telemetry' retrieved from /opt/airflow/dags/ingest_telemetry.py
[2026-02-17T18:31:00.372+0000] {logging_mixin.py:188} INFO - [2026-02-17T18:31:00.371+0000] {dag.py:3036} INFO - Sync 1 DAGs
[2026-02-17T18:31:00.383+0000] {logging_mixin.py:188} INFO - [2026-02-17T18:31:00.383+0000] {dag.py:3823} INFO - Setting next_dagrun for ingest_telemetry to 2026-02-17 18:30:00+00:00, run_after=2026-02-17 18:35:00+00:00
[2026-02-17T18:31:00.392+0000] {processor.py:183} INFO - Processing /opt/airflow/dags/ingest_telemetry.py took 0.551 seconds
[2026-02-17T18:31:30.782+0000] {processor.py:161} INFO - Started process (PID=1334) to work on /opt/airflow/dags/ingest_telemetry.py
[2026-02-17T18:31:30.786+0000] {processor.py:830} INFO - Processing file /opt/airflow/dags/ingest_telemetry.py for tasks to queue
[2026-02-17T18:31:30.787+0000] {logging_mixin.py:188} INFO - [2026-02-17T18:31:30.787+0000] {dagbag.py:538} INFO - Filling up the DagBag from /opt/airflow/dags/ingest_telemetry.py
[2026-02-17T18:31:31.238+0000] {processor.py:840} INFO - DAG(s) 'ingest_telemetry' retrieved from /opt/airflow/dags/ingest_telemetry.py
[2026-02-17T18:31:31.251+0000] {logging_mixin.py:188} INFO - [2026-02-17T18:31:31.251+0000] {dag.py:3036} INFO - Sync 1 DAGs
[2026-02-17T18:31:31.261+0000] {logging_mixin.py:188} INFO - [2026-02-17T18:31:31.261+0000] {dag.py:3823} INFO - Setting next_dagrun for ingest_telemetry to 2026-02-17 18:30:00+00:00, run_after=2026-02-17 18:35:00+00:00
[2026-02-17T18:31:31.270+0000] {processor.py:183} INFO - Processing /opt/airflow/dags/ingest_telemetry.py took 0.495 seconds
[2026-02-17T18:32:01.558+0000] {processor.py:161} INFO - Started process (PID=1340) to work on /opt/airflow/dags/ingest_telemetry.py
[2026-02-17T18:32:01.567+0000] {processor.py:830} INFO - Processing file /opt/airflow/dags/ingest_telemetry.py for tasks to queue
[2026-02-17T18:32:01.574+0000] {logging_mixin.py:188} INFO - [2026-02-17T18:32:01.571+0000] {dagbag.py:538} INFO - Filling up the DagBag from /opt/airflow/dags/ingest_telemetry.py
[2026-02-17T18:32:02.163+0000] {processor.py:840} INFO - DAG(s) 'ingest_telemetry' retrieved from /opt/airflow/dags/ingest_telemetry.py
[2026-02-17T18:32:02.184+0000] {logging_mixin.py:188} INFO - [2026-02-17T18:32:02.184+0000] {dag.py:3036} INFO - Sync 1 DAGs
[2026-02-17T18:32:02.203+0000] {logging_mixin.py:188} INFO - [2026-02-17T18:32:02.202+0000] {dag.py:3823} INFO - Setting next_dagrun for ingest_telemetry to 2026-02-17 18:30:00+00:00, run_after=2026-02-17 18:35:00+00:00
[2026-02-17T18:32:02.215+0000] {processor.py:183} INFO - Processing /opt/airflow/dags/ingest_telemetry.py took 0.664 seconds
[2026-02-17T18:32:32.504+0000] {processor.py:161} INFO - Started process (PID=1349) to work on /opt/airflow/dags/ingest_telemetry.py
[2026-02-17T18:32:32.506+0000] {processor.py:830} INFO - Processing file /opt/airflow/dags/ingest_telemetry.py for tasks to queue
[2026-02-17T18:32:32.508+0000] {logging_mixin.py:188} INFO - [2026-02-17T18:32:32.507+0000] {dagbag.py:538} INFO - Filling up the DagBag from /opt/airflow/dags/ingest_telemetry.py
[2026-02-17T18:32:32.970+0000] {processor.py:840} INFO - DAG(s) 'ingest_telemetry' retrieved from /opt/airflow/dags/ingest_telemetry.py
[2026-02-17T18:32:32.983+0000] {logging_mixin.py:188} INFO - [2026-02-17T18:32:32.982+0000] {dag.py:3036} INFO - Sync 1 DAGs
[2026-02-17T18:32:32.994+0000] {logging_mixin.py:188} INFO - [2026-02-17T18:32:32.994+0000] {dag.py:3823} INFO - Setting next_dagrun for ingest_telemetry to 2026-02-17 18:30:00+00:00, run_after=2026-02-17 18:35:00+00:00
[2026-02-17T18:32:33.006+0000] {processor.py:183} INFO - Processing /opt/airflow/dags/ingest_telemetry.py took 0.508 seconds
[2026-02-17T18:33:03.109+0000] {processor.py:161} INFO - Started process (PID=1355) to work on /opt/airflow/dags/ingest_telemetry.py
[2026-02-17T18:33:03.111+0000] {processor.py:830} INFO - Processing file /opt/airflow/dags/ingest_telemetry.py for tasks to queue
[2026-02-17T18:33:03.112+0000] {logging_mixin.py:188} INFO - [2026-02-17T18:33:03.112+0000] {dagbag.py:538} INFO - Filling up the DagBag from /opt/airflow/dags/ingest_telemetry.py
[2026-02-17T18:33:03.404+0000] {processor.py:840} INFO - DAG(s) 'ingest_telemetry' retrieved from /opt/airflow/dags/ingest_telemetry.py
[2026-02-17T18:33:03.416+0000] {logging_mixin.py:188} INFO - [2026-02-17T18:33:03.415+0000] {dag.py:3036} INFO - Sync 1 DAGs
[2026-02-17T18:33:03.427+0000] {logging_mixin.py:188} INFO - [2026-02-17T18:33:03.427+0000] {dag.py:3823} INFO - Setting next_dagrun for ingest_telemetry to 2026-02-17 18:30:00+00:00, run_after=2026-02-17 18:35:00+00:00
[2026-02-17T18:33:03.436+0000] {processor.py:183} INFO - Processing /opt/airflow/dags/ingest_telemetry.py took 0.333 seconds
[2026-02-17T18:33:33.992+0000] {processor.py:161} INFO - Started process (PID=1361) to work on /opt/airflow/dags/ingest_telemetry.py
[2026-02-17T18:33:33.994+0000] {processor.py:830} INFO - Processing file /opt/airflow/dags/ingest_telemetry.py for tasks to queue
[2026-02-17T18:33:33.995+0000] {logging_mixin.py:188} INFO - [2026-02-17T18:33:33.995+0000] {dagbag.py:538} INFO - Filling up the DagBag from /opt/airflow/dags/ingest_telemetry.py
[2026-02-17T18:33:34.428+0000] {processor.py:840} INFO - DAG(s) 'ingest_telemetry' retrieved from /opt/airflow/dags/ingest_telemetry.py
[2026-02-17T18:33:34.441+0000] {logging_mixin.py:188} INFO - [2026-02-17T18:33:34.440+0000] {dag.py:3036} INFO - Sync 1 DAGs
[2026-02-17T18:33:34.451+0000] {logging_mixin.py:188} INFO - [2026-02-17T18:33:34.451+0000] {dag.py:3823} INFO - Setting next_dagrun for ingest_telemetry to 2026-02-17 18:30:00+00:00, run_after=2026-02-17 18:35:00+00:00
[2026-02-17T18:33:34.459+0000] {processor.py:183} INFO - Processing /opt/airflow/dags/ingest_telemetry.py took 0.472 seconds
[2026-02-17T18:34:04.800+0000] {processor.py:161} INFO - Started process (PID=1367) to work on /opt/airflow/dags/ingest_telemetry.py
[2026-02-17T18:34:04.802+0000] {processor.py:830} INFO - Processing file /opt/airflow/dags/ingest_telemetry.py for tasks to queue
[2026-02-17T18:34:04.803+0000] {logging_mixin.py:188} INFO - [2026-02-17T18:34:04.803+0000] {dagbag.py:538} INFO - Filling up the DagBag from /opt/airflow/dags/ingest_telemetry.py
[2026-02-17T18:34:05.069+0000] {processor.py:840} INFO - DAG(s) 'ingest_telemetry' retrieved from /opt/airflow/dags/ingest_telemetry.py
[2026-02-17T18:34:05.079+0000] {logging_mixin.py:188} INFO - [2026-02-17T18:34:05.079+0000] {dag.py:3036} INFO - Sync 1 DAGs
[2026-02-17T18:34:05.089+0000] {logging_mixin.py:188} INFO - [2026-02-17T18:34:05.089+0000] {dag.py:3823} INFO - Setting next_dagrun for ingest_telemetry to 2026-02-17 18:30:00+00:00, run_after=2026-02-17 18:35:00+00:00
[2026-02-17T18:34:05.097+0000] {processor.py:183} INFO - Processing /opt/airflow/dags/ingest_telemetry.py took 0.303 seconds
[2026-02-17T18:34:35.223+0000] {processor.py:161} INFO - Started process (PID=1373) to work on /opt/airflow/dags/ingest_telemetry.py
[2026-02-17T18:34:35.225+0000] {processor.py:830} INFO - Processing file /opt/airflow/dags/ingest_telemetry.py for tasks to queue
[2026-02-17T18:34:35.226+0000] {logging_mixin.py:188} INFO - [2026-02-17T18:34:35.226+0000] {dagbag.py:538} INFO - Filling up the DagBag from /opt/airflow/dags/ingest_telemetry.py
[2026-02-17T18:34:35.672+0000] {processor.py:840} INFO - DAG(s) 'ingest_telemetry' retrieved from /opt/airflow/dags/ingest_telemetry.py
[2026-02-17T18:34:35.685+0000] {logging_mixin.py:188} INFO - [2026-02-17T18:34:35.685+0000] {dag.py:3036} INFO - Sync 1 DAGs
[2026-02-17T18:34:35.697+0000] {logging_mixin.py:188} INFO - [2026-02-17T18:34:35.697+0000] {dag.py:3823} INFO - Setting next_dagrun for ingest_telemetry to 2026-02-17 18:30:00+00:00, run_after=2026-02-17 18:35:00+00:00
[2026-02-17T18:34:35.706+0000] {processor.py:183} INFO - Processing /opt/airflow/dags/ingest_telemetry.py took 0.492 seconds
[2026-02-17T18:35:05.987+0000] {processor.py:161} INFO - Started process (PID=1385) to work on /opt/airflow/dags/ingest_telemetry.py
[2026-02-17T18:35:05.989+0000] {processor.py:830} INFO - Processing file /opt/airflow/dags/ingest_telemetry.py for tasks to queue
[2026-02-17T18:35:05.990+0000] {logging_mixin.py:188} INFO - [2026-02-17T18:35:05.990+0000] {dagbag.py:538} INFO - Filling up the DagBag from /opt/airflow/dags/ingest_telemetry.py
[2026-02-17T18:35:06.355+0000] {processor.py:840} INFO - DAG(s) 'ingest_telemetry' retrieved from /opt/airflow/dags/ingest_telemetry.py
[2026-02-17T18:35:06.379+0000] {logging_mixin.py:188} INFO - [2026-02-17T18:35:06.378+0000] {dag.py:3036} INFO - Sync 1 DAGs
[2026-02-17T18:35:06.392+0000] {logging_mixin.py:188} INFO - [2026-02-17T18:35:06.392+0000] {dag.py:3823} INFO - Setting next_dagrun for ingest_telemetry to 2026-02-17 18:35:00+00:00, run_after=2026-02-17 18:40:00+00:00
[2026-02-17T18:35:06.399+0000] {processor.py:183} INFO - Processing /opt/airflow/dags/ingest_telemetry.py took 0.417 seconds
[2026-02-17T18:35:36.730+0000] {processor.py:161} INFO - Started process (PID=1391) to work on /opt/airflow/dags/ingest_telemetry.py
[2026-02-17T18:35:36.733+0000] {processor.py:830} INFO - Processing file /opt/airflow/dags/ingest_telemetry.py for tasks to queue
[2026-02-17T18:35:36.734+0000] {logging_mixin.py:188} INFO - [2026-02-17T18:35:36.734+0000] {dagbag.py:538} INFO - Filling up the DagBag from /opt/airflow/dags/ingest_telemetry.py
[2026-02-17T18:35:37.150+0000] {processor.py:840} INFO - DAG(s) 'ingest_telemetry' retrieved from /opt/airflow/dags/ingest_telemetry.py
[2026-02-17T18:35:37.162+0000] {logging_mixin.py:188} INFO - [2026-02-17T18:35:37.161+0000] {dag.py:3036} INFO - Sync 1 DAGs
[2026-02-17T18:35:37.171+0000] {logging_mixin.py:188} INFO - [2026-02-17T18:35:37.171+0000] {dag.py:3823} INFO - Setting next_dagrun for ingest_telemetry to 2026-02-17 18:35:00+00:00, run_after=2026-02-17 18:40:00+00:00
[2026-02-17T18:35:37.179+0000] {processor.py:183} INFO - Processing /opt/airflow/dags/ingest_telemetry.py took 0.456 seconds
[2026-02-17T18:36:07.481+0000] {processor.py:161} INFO - Started process (PID=1397) to work on /opt/airflow/dags/ingest_telemetry.py
[2026-02-17T18:36:07.483+0000] {processor.py:830} INFO - Processing file /opt/airflow/dags/ingest_telemetry.py for tasks to queue
[2026-02-17T18:36:07.485+0000] {logging_mixin.py:188} INFO - [2026-02-17T18:36:07.484+0000] {dagbag.py:538} INFO - Filling up the DagBag from /opt/airflow/dags/ingest_telemetry.py
[2026-02-17T18:36:07.928+0000] {processor.py:840} INFO - DAG(s) 'ingest_telemetry' retrieved from /opt/airflow/dags/ingest_telemetry.py
[2026-02-17T18:36:07.941+0000] {logging_mixin.py:188} INFO - [2026-02-17T18:36:07.941+0000] {dag.py:3036} INFO - Sync 1 DAGs
[2026-02-17T18:36:07.953+0000] {logging_mixin.py:188} INFO - [2026-02-17T18:36:07.953+0000] {dag.py:3823} INFO - Setting next_dagrun for ingest_telemetry to 2026-02-17 18:35:00+00:00, run_after=2026-02-17 18:40:00+00:00
[2026-02-17T18:36:07.963+0000] {processor.py:183} INFO - Processing /opt/airflow/dags/ingest_telemetry.py took 0.490 seconds
[2026-02-17T18:36:38.269+0000] {processor.py:161} INFO - Started process (PID=1403) to work on /opt/airflow/dags/ingest_telemetry.py
[2026-02-17T18:36:38.272+0000] {processor.py:830} INFO - Processing file /opt/airflow/dags/ingest_telemetry.py for tasks to queue
[2026-02-17T18:36:38.274+0000] {logging_mixin.py:188} INFO - [2026-02-17T18:36:38.273+0000] {dagbag.py:538} INFO - Filling up the DagBag from /opt/airflow/dags/ingest_telemetry.py
[2026-02-17T18:36:38.706+0000] {processor.py:840} INFO - DAG(s) 'ingest_telemetry' retrieved from /opt/airflow/dags/ingest_telemetry.py
[2026-02-17T18:36:38.720+0000] {logging_mixin.py:188} INFO - [2026-02-17T18:36:38.720+0000] {dag.py:3036} INFO - Sync 1 DAGs
[2026-02-17T18:36:38.736+0000] {logging_mixin.py:188} INFO - [2026-02-17T18:36:38.735+0000] {dag.py:3823} INFO - Setting next_dagrun for ingest_telemetry to 2026-02-17 18:35:00+00:00, run_after=2026-02-17 18:40:00+00:00
[2026-02-17T18:36:38.744+0000] {processor.py:183} INFO - Processing /opt/airflow/dags/ingest_telemetry.py took 0.481 seconds
[2026-02-17T18:37:09.105+0000] {processor.py:161} INFO - Started process (PID=1409) to work on /opt/airflow/dags/ingest_telemetry.py
[2026-02-17T18:37:09.107+0000] {processor.py:830} INFO - Processing file /opt/airflow/dags/ingest_telemetry.py for tasks to queue
[2026-02-17T18:37:09.108+0000] {logging_mixin.py:188} INFO - [2026-02-17T18:37:09.107+0000] {dagbag.py:538} INFO - Filling up the DagBag from /opt/airflow/dags/ingest_telemetry.py
[2026-02-17T18:37:09.553+0000] {processor.py:840} INFO - DAG(s) 'ingest_telemetry' retrieved from /opt/airflow/dags/ingest_telemetry.py
[2026-02-17T18:37:09.571+0000] {logging_mixin.py:188} INFO - [2026-02-17T18:37:09.569+0000] {dag.py:3036} INFO - Sync 1 DAGs
[2026-02-17T18:37:09.583+0000] {logging_mixin.py:188} INFO - [2026-02-17T18:37:09.583+0000] {dag.py:3823} INFO - Setting next_dagrun for ingest_telemetry to 2026-02-17 18:35:00+00:00, run_after=2026-02-17 18:40:00+00:00
[2026-02-17T18:37:09.591+0000] {processor.py:183} INFO - Processing /opt/airflow/dags/ingest_telemetry.py took 0.492 seconds
[2026-02-17T18:37:39.941+0000] {processor.py:161} INFO - Started process (PID=1418) to work on /opt/airflow/dags/ingest_telemetry.py
[2026-02-17T18:37:39.946+0000] {processor.py:830} INFO - Processing file /opt/airflow/dags/ingest_telemetry.py for tasks to queue
[2026-02-17T18:37:39.948+0000] {logging_mixin.py:188} INFO - [2026-02-17T18:37:39.947+0000] {dagbag.py:538} INFO - Filling up the DagBag from /opt/airflow/dags/ingest_telemetry.py
[2026-02-17T18:37:40.383+0000] {processor.py:840} INFO - DAG(s) 'ingest_telemetry' retrieved from /opt/airflow/dags/ingest_telemetry.py
[2026-02-17T18:37:40.395+0000] {logging_mixin.py:188} INFO - [2026-02-17T18:37:40.395+0000] {dag.py:3036} INFO - Sync 1 DAGs
[2026-02-17T18:37:40.406+0000] {logging_mixin.py:188} INFO - [2026-02-17T18:37:40.406+0000] {dag.py:3823} INFO - Setting next_dagrun for ingest_telemetry to 2026-02-17 18:35:00+00:00, run_after=2026-02-17 18:40:00+00:00
[2026-02-17T18:37:40.413+0000] {processor.py:183} INFO - Processing /opt/airflow/dags/ingest_telemetry.py took 0.491 seconds
[2026-02-17T18:38:10.703+0000] {processor.py:161} INFO - Started process (PID=1424) to work on /opt/airflow/dags/ingest_telemetry.py
[2026-02-17T18:38:10.704+0000] {processor.py:830} INFO - Processing file /opt/airflow/dags/ingest_telemetry.py for tasks to queue
[2026-02-17T18:38:10.705+0000] {logging_mixin.py:188} INFO - [2026-02-17T18:38:10.705+0000] {dagbag.py:538} INFO - Filling up the DagBag from /opt/airflow/dags/ingest_telemetry.py
[2026-02-17T18:38:10.962+0000] {processor.py:840} INFO - DAG(s) 'ingest_telemetry' retrieved from /opt/airflow/dags/ingest_telemetry.py
[2026-02-17T18:38:10.972+0000] {logging_mixin.py:188} INFO - [2026-02-17T18:38:10.972+0000] {dag.py:3036} INFO - Sync 1 DAGs
[2026-02-17T18:38:10.983+0000] {logging_mixin.py:188} INFO - [2026-02-17T18:38:10.982+0000] {dag.py:3823} INFO - Setting next_dagrun for ingest_telemetry to 2026-02-17 18:35:00+00:00, run_after=2026-02-17 18:40:00+00:00
[2026-02-17T18:38:10.991+0000] {processor.py:183} INFO - Processing /opt/airflow/dags/ingest_telemetry.py took 0.292 seconds
[2026-02-17T18:38:41.150+0000] {processor.py:161} INFO - Started process (PID=1430) to work on /opt/airflow/dags/ingest_telemetry.py
[2026-02-17T18:38:41.153+0000] {processor.py:830} INFO - Processing file /opt/airflow/dags/ingest_telemetry.py for tasks to queue
[2026-02-17T18:38:41.154+0000] {logging_mixin.py:188} INFO - [2026-02-17T18:38:41.154+0000] {dagbag.py:538} INFO - Filling up the DagBag from /opt/airflow/dags/ingest_telemetry.py
[2026-02-17T18:38:41.598+0000] {processor.py:840} INFO - DAG(s) 'ingest_telemetry' retrieved from /opt/airflow/dags/ingest_telemetry.py
[2026-02-17T18:38:41.610+0000] {logging_mixin.py:188} INFO - [2026-02-17T18:38:41.610+0000] {dag.py:3036} INFO - Sync 1 DAGs
[2026-02-17T18:38:41.622+0000] {logging_mixin.py:188} INFO - [2026-02-17T18:38:41.622+0000] {dag.py:3823} INFO - Setting next_dagrun for ingest_telemetry to 2026-02-17 18:35:00+00:00, run_after=2026-02-17 18:40:00+00:00
[2026-02-17T18:38:41.630+0000] {processor.py:183} INFO - Processing /opt/airflow/dags/ingest_telemetry.py took 0.486 seconds
[2026-02-17T18:39:11.911+0000] {processor.py:161} INFO - Started process (PID=1436) to work on /opt/airflow/dags/ingest_telemetry.py
[2026-02-17T18:39:11.914+0000] {processor.py:830} INFO - Processing file /opt/airflow/dags/ingest_telemetry.py for tasks to queue
[2026-02-17T18:39:11.915+0000] {logging_mixin.py:188} INFO - [2026-02-17T18:39:11.915+0000] {dagbag.py:538} INFO - Filling up the DagBag from /opt/airflow/dags/ingest_telemetry.py
[2026-02-17T18:39:12.175+0000] {processor.py:840} INFO - DAG(s) 'ingest_telemetry' retrieved from /opt/airflow/dags/ingest_telemetry.py
[2026-02-17T18:39:12.185+0000] {logging_mixin.py:188} INFO - [2026-02-17T18:39:12.184+0000] {dag.py:3036} INFO - Sync 1 DAGs
[2026-02-17T18:39:12.196+0000] {logging_mixin.py:188} INFO - [2026-02-17T18:39:12.196+0000] {dag.py:3823} INFO - Setting next_dagrun for ingest_telemetry to 2026-02-17 18:35:00+00:00, run_after=2026-02-17 18:40:00+00:00
[2026-02-17T18:39:12.203+0000] {processor.py:183} INFO - Processing /opt/airflow/dags/ingest_telemetry.py took 0.297 seconds
[2026-02-17T18:39:42.509+0000] {processor.py:161} INFO - Started process (PID=1442) to work on /opt/airflow/dags/ingest_telemetry.py
[2026-02-17T18:39:42.511+0000] {processor.py:830} INFO - Processing file /opt/airflow/dags/ingest_telemetry.py for tasks to queue
[2026-02-17T18:39:42.513+0000] {logging_mixin.py:188} INFO - [2026-02-17T18:39:42.512+0000] {dagbag.py:538} INFO - Filling up the DagBag from /opt/airflow/dags/ingest_telemetry.py
[2026-02-17T18:39:42.937+0000] {processor.py:840} INFO - DAG(s) 'ingest_telemetry' retrieved from /opt/airflow/dags/ingest_telemetry.py
[2026-02-17T18:39:42.950+0000] {logging_mixin.py:188} INFO - [2026-02-17T18:39:42.949+0000] {dag.py:3036} INFO - Sync 1 DAGs
[2026-02-17T18:39:42.961+0000] {logging_mixin.py:188} INFO - [2026-02-17T18:39:42.961+0000] {dag.py:3823} INFO - Setting next_dagrun for ingest_telemetry to 2026-02-17 18:35:00+00:00, run_after=2026-02-17 18:40:00+00:00
[2026-02-17T18:39:42.970+0000] {processor.py:183} INFO - Processing /opt/airflow/dags/ingest_telemetry.py took 0.468 seconds
[2026-02-17T18:40:13.237+0000] {processor.py:161} INFO - Started process (PID=1454) to work on /opt/airflow/dags/ingest_telemetry.py
[2026-02-17T18:40:13.239+0000] {processor.py:830} INFO - Processing file /opt/airflow/dags/ingest_telemetry.py for tasks to queue
[2026-02-17T18:40:13.240+0000] {logging_mixin.py:188} INFO - [2026-02-17T18:40:13.240+0000] {dagbag.py:538} INFO - Filling up the DagBag from /opt/airflow/dags/ingest_telemetry.py
[2026-02-17T18:40:13.590+0000] {processor.py:840} INFO - DAG(s) 'ingest_telemetry' retrieved from /opt/airflow/dags/ingest_telemetry.py
[2026-02-17T18:40:13.602+0000] {logging_mixin.py:188} INFO - [2026-02-17T18:40:13.602+0000] {dag.py:3036} INFO - Sync 1 DAGs
[2026-02-17T18:40:13.612+0000] {logging_mixin.py:188} INFO - [2026-02-17T18:40:13.612+0000] {dag.py:3823} INFO - Setting next_dagrun for ingest_telemetry to 2026-02-17 18:40:00+00:00, run_after=2026-02-17 18:45:00+00:00
[2026-02-17T18:40:13.621+0000] {processor.py:183} INFO - Processing /opt/airflow/dags/ingest_telemetry.py took 0.390 seconds
[2026-02-17T18:40:43.986+0000] {processor.py:161} INFO - Started process (PID=1460) to work on /opt/airflow/dags/ingest_telemetry.py
[2026-02-17T18:40:43.988+0000] {processor.py:830} INFO - Processing file /opt/airflow/dags/ingest_telemetry.py for tasks to queue
[2026-02-17T18:40:43.989+0000] {logging_mixin.py:188} INFO - [2026-02-17T18:40:43.988+0000] {dagbag.py:538} INFO - Filling up the DagBag from /opt/airflow/dags/ingest_telemetry.py
[2026-02-17T18:40:44.521+0000] {processor.py:840} INFO - DAG(s) 'ingest_telemetry' retrieved from /opt/airflow/dags/ingest_telemetry.py
[2026-02-17T18:40:44.534+0000] {logging_mixin.py:188} INFO - [2026-02-17T18:40:44.534+0000] {dag.py:3036} INFO - Sync 1 DAGs
[2026-02-17T18:40:44.546+0000] {logging_mixin.py:188} INFO - [2026-02-17T18:40:44.546+0000] {dag.py:3823} INFO - Setting next_dagrun for ingest_telemetry to 2026-02-17 18:40:00+00:00, run_after=2026-02-17 18:45:00+00:00
[2026-02-17T18:40:44.554+0000] {processor.py:183} INFO - Processing /opt/airflow/dags/ingest_telemetry.py took 0.573 seconds
[2026-02-17T18:41:14.929+0000] {processor.py:161} INFO - Started process (PID=1466) to work on /opt/airflow/dags/ingest_telemetry.py
[2026-02-17T18:41:14.932+0000] {processor.py:830} INFO - Processing file /opt/airflow/dags/ingest_telemetry.py for tasks to queue
[2026-02-17T18:41:14.934+0000] {logging_mixin.py:188} INFO - [2026-02-17T18:41:14.933+0000] {dagbag.py:538} INFO - Filling up the DagBag from /opt/airflow/dags/ingest_telemetry.py
[2026-02-17T18:41:15.417+0000] {processor.py:840} INFO - DAG(s) 'ingest_telemetry' retrieved from /opt/airflow/dags/ingest_telemetry.py
[2026-02-17T18:41:15.431+0000] {logging_mixin.py:188} INFO - [2026-02-17T18:41:15.430+0000] {dag.py:3036} INFO - Sync 1 DAGs
[2026-02-17T18:41:15.442+0000] {logging_mixin.py:188} INFO - [2026-02-17T18:41:15.442+0000] {dag.py:3823} INFO - Setting next_dagrun for ingest_telemetry to 2026-02-17 18:40:00+00:00, run_after=2026-02-17 18:45:00+00:00
[2026-02-17T18:41:15.450+0000] {processor.py:183} INFO - Processing /opt/airflow/dags/ingest_telemetry.py took 0.531 seconds
[2026-02-17T18:41:45.870+0000] {processor.py:161} INFO - Started process (PID=1472) to work on /opt/airflow/dags/ingest_telemetry.py
[2026-02-17T18:41:45.873+0000] {processor.py:830} INFO - Processing file /opt/airflow/dags/ingest_telemetry.py for tasks to queue
[2026-02-17T18:41:45.875+0000] {logging_mixin.py:188} INFO - [2026-02-17T18:41:45.875+0000] {dagbag.py:538} INFO - Filling up the DagBag from /opt/airflow/dags/ingest_telemetry.py
[2026-02-17T18:41:46.323+0000] {processor.py:840} INFO - DAG(s) 'ingest_telemetry' retrieved from /opt/airflow/dags/ingest_telemetry.py
[2026-02-17T18:41:46.337+0000] {logging_mixin.py:188} INFO - [2026-02-17T18:41:46.337+0000] {dag.py:3036} INFO - Sync 1 DAGs
[2026-02-17T18:41:46.348+0000] {logging_mixin.py:188} INFO - [2026-02-17T18:41:46.348+0000] {dag.py:3823} INFO - Setting next_dagrun for ingest_telemetry to 2026-02-17 18:40:00+00:00, run_after=2026-02-17 18:45:00+00:00
[2026-02-17T18:41:46.356+0000] {processor.py:183} INFO - Processing /opt/airflow/dags/ingest_telemetry.py took 0.494 seconds
[2026-02-17T18:42:16.571+0000] {processor.py:161} INFO - Started process (PID=1481) to work on /opt/airflow/dags/ingest_telemetry.py
[2026-02-17T18:42:16.572+0000] {processor.py:830} INFO - Processing file /opt/airflow/dags/ingest_telemetry.py for tasks to queue
[2026-02-17T18:42:16.573+0000] {logging_mixin.py:188} INFO - [2026-02-17T18:42:16.572+0000] {dagbag.py:538} INFO - Filling up the DagBag from /opt/airflow/dags/ingest_telemetry.py
[2026-02-17T18:42:17.097+0000] {processor.py:840} INFO - DAG(s) 'ingest_telemetry' retrieved from /opt/airflow/dags/ingest_telemetry.py
[2026-02-17T18:42:17.115+0000] {logging_mixin.py:188} INFO - [2026-02-17T18:42:17.114+0000] {dag.py:3036} INFO - Sync 1 DAGs
[2026-02-17T18:42:17.125+0000] {logging_mixin.py:188} INFO - [2026-02-17T18:42:17.125+0000] {dag.py:3823} INFO - Setting next_dagrun for ingest_telemetry to 2026-02-17 18:40:00+00:00, run_after=2026-02-17 18:45:00+00:00
[2026-02-17T18:42:17.134+0000] {processor.py:183} INFO - Processing /opt/airflow/dags/ingest_telemetry.py took 0.568 seconds
[2026-02-17T18:42:47.471+0000] {processor.py:161} INFO - Started process (PID=1487) to work on /opt/airflow/dags/ingest_telemetry.py
[2026-02-17T18:42:47.472+0000] {processor.py:830} INFO - Processing file /opt/airflow/dags/ingest_telemetry.py for tasks to queue
[2026-02-17T18:42:47.474+0000] {logging_mixin.py:188} INFO - [2026-02-17T18:42:47.473+0000] {dagbag.py:538} INFO - Filling up the DagBag from /opt/airflow/dags/ingest_telemetry.py
[2026-02-17T18:42:47.954+0000] {processor.py:840} INFO - DAG(s) 'ingest_telemetry' retrieved from /opt/airflow/dags/ingest_telemetry.py
[2026-02-17T18:42:47.966+0000] {logging_mixin.py:188} INFO - [2026-02-17T18:42:47.966+0000] {dag.py:3036} INFO - Sync 1 DAGs
[2026-02-17T18:42:47.978+0000] {logging_mixin.py:188} INFO - [2026-02-17T18:42:47.978+0000] {dag.py:3823} INFO - Setting next_dagrun for ingest_telemetry to 2026-02-17 18:40:00+00:00, run_after=2026-02-17 18:45:00+00:00
[2026-02-17T18:42:47.987+0000] {processor.py:183} INFO - Processing /opt/airflow/dags/ingest_telemetry.py took 0.522 seconds
[2026-02-17T18:43:18.334+0000] {processor.py:161} INFO - Started process (PID=1493) to work on /opt/airflow/dags/ingest_telemetry.py
[2026-02-17T18:43:18.336+0000] {processor.py:830} INFO - Processing file /opt/airflow/dags/ingest_telemetry.py for tasks to queue
[2026-02-17T18:43:18.337+0000] {logging_mixin.py:188} INFO - [2026-02-17T18:43:18.337+0000] {dagbag.py:538} INFO - Filling up the DagBag from /opt/airflow/dags/ingest_telemetry.py
[2026-02-17T18:43:18.879+0000] {processor.py:840} INFO - DAG(s) 'ingest_telemetry' retrieved from /opt/airflow/dags/ingest_telemetry.py
[2026-02-17T18:43:18.900+0000] {logging_mixin.py:188} INFO - [2026-02-17T18:43:18.899+0000] {dag.py:3036} INFO - Sync 1 DAGs
[2026-02-17T18:43:18.915+0000] {logging_mixin.py:188} INFO - [2026-02-17T18:43:18.915+0000] {dag.py:3823} INFO - Setting next_dagrun for ingest_telemetry to 2026-02-17 18:40:00+00:00, run_after=2026-02-17 18:45:00+00:00
[2026-02-17T18:43:18.925+0000] {processor.py:183} INFO - Processing /opt/airflow/dags/ingest_telemetry.py took 0.595 seconds
[2026-02-17T18:43:49.268+0000] {processor.py:161} INFO - Started process (PID=1499) to work on /opt/airflow/dags/ingest_telemetry.py
[2026-02-17T18:43:49.269+0000] {processor.py:830} INFO - Processing file /opt/airflow/dags/ingest_telemetry.py for tasks to queue
[2026-02-17T18:43:49.271+0000] {logging_mixin.py:188} INFO - [2026-02-17T18:43:49.270+0000] {dagbag.py:538} INFO - Filling up the DagBag from /opt/airflow/dags/ingest_telemetry.py
[2026-02-17T18:43:49.722+0000] {processor.py:840} INFO - DAG(s) 'ingest_telemetry' retrieved from /opt/airflow/dags/ingest_telemetry.py
[2026-02-17T18:43:49.735+0000] {logging_mixin.py:188} INFO - [2026-02-17T18:43:49.734+0000] {dag.py:3036} INFO - Sync 1 DAGs
[2026-02-17T18:43:49.745+0000] {logging_mixin.py:188} INFO - [2026-02-17T18:43:49.745+0000] {dag.py:3823} INFO - Setting next_dagrun for ingest_telemetry to 2026-02-17 18:40:00+00:00, run_after=2026-02-17 18:45:00+00:00
[2026-02-17T18:43:49.753+0000] {processor.py:183} INFO - Processing /opt/airflow/dags/ingest_telemetry.py took 0.490 seconds
[2026-02-17T18:44:19.914+0000] {processor.py:161} INFO - Started process (PID=1505) to work on /opt/airflow/dags/ingest_telemetry.py
[2026-02-17T18:44:19.915+0000] {processor.py:830} INFO - Processing file /opt/airflow/dags/ingest_telemetry.py for tasks to queue
[2026-02-17T18:44:19.916+0000] {logging_mixin.py:188} INFO - [2026-02-17T18:44:19.916+0000] {dagbag.py:538} INFO - Filling up the DagBag from /opt/airflow/dags/ingest_telemetry.py
[2026-02-17T18:44:20.323+0000] {processor.py:840} INFO - DAG(s) 'ingest_telemetry' retrieved from /opt/airflow/dags/ingest_telemetry.py
[2026-02-17T18:44:20.335+0000] {logging_mixin.py:188} INFO - [2026-02-17T18:44:20.335+0000] {dag.py:3036} INFO - Sync 1 DAGs
[2026-02-17T18:44:20.827+0000] {logging_mixin.py:188} INFO - [2026-02-17T18:44:20.827+0000] {dag.py:3823} INFO - Setting next_dagrun for ingest_telemetry to 2026-02-17 18:40:00+00:00, run_after=2026-02-17 18:45:00+00:00
[2026-02-17T18:44:21.775+0000] {processor.py:183} INFO - Processing /opt/airflow/dags/ingest_telemetry.py took 1.864 seconds
